Attendance,Round,Host,Date,id
88966,Final,Qatar,20221218,1
44137,Third-place match,Qatar,20221217,2
68294,Semi-finals,Qatar,20221214,3
88966,Semi-finals,Qatar,20221213,4
44198,Quarter-finals,Qatar,20221210,5
68895,Quarter-finals,Qatar,20221210,6
43893,Quarter-finals,Qatar,20221209,7
88235,Quarter-finals,Qatar,20221209,8
44667,Round of 16,Qatar,20221206,9
83720,Round of 16,Qatar,20221206,10
42523,Round of 16,Qatar,20221205,11
43847,Round of 16,Qatar,20221205,12
40989,Round of 16,Qatar,20221204,13
65985,Round of 16,Qatar,20221204,14
44846,Round of 16,Qatar,20221203,15
45032,Round of 16,Qatar,20221203,16
44097,Group stage,Qatar,20221202,17
43443,Group stage,Qatar,20221202,18
85986,Group stage,Qatar,20221202,19
41378,Group stage,Qatar,20221202,20
43102,Group stage,Qatar,20221201,21
43984,Group stage,Qatar,20221201,22
67054,Group stage,Qatar,20221201,23
44851,Group stage,Qatar,20221201,24
41232,Group stage,Qatar,20221130,25
43627,Group stage,Qatar,20221130,26
84985,Group stage,Qatar,20221130,27
44089,Group stage,Qatar,20221130,28
44569,Group stage,Qatar,20221129,29
66784,Group stage,Qatar,20221129,30
42127,Group stage,Qatar,20221129,31
44297,Group stage,Qatar,20221129,32
39789,Group stage,Qatar,20221128,33
43983,Group stage,Qatar,20221128,34
43649,Group stage,Qatar,20221128,35
88668,Group stage,Qatar,20221128,36
41479,Group stage,Qatar,20221127,37
43738,Group stage,Qatar,20221127,38
44374,Group stage,Qatar,20221127,39
68895,Group stage,Qatar,20221127,40
41823,Group stage,Qatar,20221126,41
44259,Group stage,Qatar,20221126,42
42860,Group stage,Qatar,20221126,43
88966,Group stage,Qatar,20221126,44
40875,Group stage,Qatar,20221125,45
41797,Group stage,Qatar,20221125,46
44833,Group stage,Qatar,20221125,47
68463,Group stage,Qatar,20221125,48
39089,Group stage,Qatar,20221124,49
41663,Group stage,Qatar,20221124,50
42662,Group stage,Qatar,20221124,51
88103,Group stage,Qatar,20221124,52
59407,Group stage,Qatar,20221123,53
42608,Group stage,Qatar,20221123,54
40013,Group stage,Qatar,20221123,55
40432,Group stage,Qatar,20221123,56
88012,Group stage,Qatar,20221122,57
42925,Group stage,Qatar,20221122,58
39369,Group stage,Qatar,20221122,59
40875,Group stage,Qatar,20221122,60
45334,Group stage,Qatar,20221121,61
41721,Group stage,Qatar,20221121,62
43418,Group stage,Qatar,20221121,63
67372,Group stage,Qatar,20221120,64
78011,Final,Russia,20180715,65
64406,Third-place match,Russia,20180714,66
78011,Semi-finals,Russia,20180711,67
64286,Semi-finals,Russia,20180710,68
39991,Quarter-finals,Russia,20180707,69
44287,Quarter-finals,Russia,20180707,70
43319,Quarter-finals,Russia,20180706,71
42873,Quarter-finals,Russia,20180706,72
64042,Round of 16,Russia,20180703,73
44190,Round of 16,Russia,20180703,74
41970,Round of 16,Russia,20180702,75
41466,Round of 16,Russia,20180702,76
78011,Round of 16,Russia,20180701,77
40851,Round of 16,Russia,20180701,78
42873,Round of 16,Russia,20180630,79
44287,Round of 16,Russia,20180630,80
42189,Group stage,Russia,20180628,81
41970,Group stage,Russia,20180628,82
33973,Group stage,Russia,20180628,83
37168,Group stage,Russia,20180628,84
41835,Group stage,Russia,20180627,85
33061,Group stage,Russia,20180627,86
43319,Group stage,Russia,20180627,87
44190,Group stage,Russia,20180627,88
44073,Group stage,Russia,20180626,89
78011,Group stage,Russia,20180626,90
43472,Group stage,Russia,20180626,91
64468,Group stage,Russia,20180626,92
36823,Group stage,Russia,20180625,93
41970,Group stage,Russia,20180625,94
33973,Group stage,Russia,20180625,95
41685,Group stage,Russia,20180625,96
43319,Group stage,Russia,20180624,97
32572,Group stage,Russia,20180624,98
42873,Group stage,Russia,20180624,99
44190,Group stage,Russia,20180623,100
43472,Group stage,Russia,20180623,101
44287,Group stage,Russia,20180623,102
64468,Group stage,Russia,20180622,103
40904,Group stage,Russia,20180622,104
33167,Group stage,Russia,20180622,105
40727,Group stage,Russia,20180621,106
32789,Group stage,Russia,20180621,107
43319,Group stage,Russia,20180621,108
78011,Group stage,Russia,20180620,109
42678,Group stage,Russia,20180620,110
42718,Group stage,Russia,20180620,111
40842,Group stage,Russia,20180619,112
44190,Group stage,Russia,20180619,113
64468,Group stage,Russia,20180619,114
42300,Group stage,Russia,20180618,115
43257,Group stage,Russia,20180618,116
41064,Group stage,Russia,20180618,117
41432,Group stage,Russia,20180617,118
78011,Group stage,Russia,20180617,119
43109,Group stage,Russia,20180617,120
41279,Group stage,Russia,20180616,121
44190,Group stage,Russia,20180616,122
40502,Group stage,Russia,20180616,123
31136,Group stage,Russia,20180616,124
27015,Group stage,Russia,20180615,125
62548,Group stage,Russia,20180615,126
43866,Group stage,Russia,20180615,127
78011,Group stage,Russia,20180614,128
74738,Final,Brazil,20140713,129
68034,Third-place match,Brazil,20140712,130
63267,Semi-finals,Brazil,20140709,131
58141,Semi-finals,Brazil,20140708,132
68551,Quarter-finals,Brazil,20140705,133
51179,Quarter-finals,Brazil,20140705,134
74240,Quarter-finals,Brazil,20140704,135
60342,Quarter-finals,Brazil,20140704,136
63255,Round of 16,Brazil,20140701,137
51227,Round of 16,Brazil,20140701,138
67882,Round of 16,Brazil,20140630,139
43063,Round of 16,Brazil,20140630,140
58817,Round of 16,Brazil,20140629,141
41242,Round of 16,Brazil,20140629,142
57714,Round of 16,Brazil,20140628,143
73804,Round of 16,Brazil,20140628,144
41876,Group stage,Brazil,20140626,145
67540,Group stage,Brazil,20140626,146
61397,Group stage,Brazil,20140626,147
39311,Group stage,Brazil,20140626,148
48011,Group stage,Brazil,20140625,149
43285,Group stage,Brazil,20140625,150
40322,Group stage,Brazil,20140625,151
73749,Group stage,Brazil,20140625,152
57823,Group stage,Brazil,20140624,153
39706,Group stage,Brazil,20140624,154
40340,Group stage,Brazil,20140624,155
59095,Group stage,Brazil,20140624,156
39375,Group stage,Brazil,20140623,157
62996,Group stage,Brazil,20140623,158
41212,Group stage,Brazil,20140623,159
69112,Group stage,Brazil,20140623,160
73819,Group stage,Brazil,20140622,161
42732,Group stage,Brazil,20140622,162
40123,Group stage,Brazil,20140622,163
57698,Group stage,Brazil,20140621,164
59621,Group stage,Brazil,20140621,165
40499,Group stage,Brazil,20140621,166
40285,Group stage,Brazil,20140620,167
51003,Group stage,Brazil,20140620,168
39224,Group stage,Brazil,20140620,169
68748,Group stage,Brazil,20140619,170
62575,Group stage,Brazil,20140619,171
39485,Group stage,Brazil,20140619,172
42877,Group stage,Brazil,20140618,173
74101,Group stage,Brazil,20140618,174
39982,Group stage,Brazil,20140618,175
56800,Group stage,Brazil,20140617,176
60342,Group stage,Brazil,20140617,177
37603,Group stage,Brazil,20140617,178
51081,Group stage,Brazil,20140616,179
39081,Group stage,Brazil,20140616,180
39760,Group stage,Brazil,20140616,181
68351,Group stage,Brazil,20140615,182
43012,Group stage,Brazil,20140615,183
74738,Group stage,Brazil,20140615,184
57174,Group stage,Brazil,20140614,185
58679,Group stage,Brazil,20140614,186
39800,Group stage,Brazil,20140614,187
40267,Group stage,Brazil,20140614,188
39216,Group stage,Brazil,20140613,189
48173,Group stage,Brazil,20140613,190
40275,Group stage,Brazil,20140613,191
62103,Group stage,Brazil,20140612,192
84490,Final,South Africa,20100711,193
36254,Third-place match,South Africa,20100710,194
60960,Semi-finals,South Africa,20100707,195
62479,Semi-finals,South Africa,20100706,196
64100,Quarter-finals,South Africa,20100703,197
55359,Quarter-finals,South Africa,20100703,198
40186,Quarter-finals,South Africa,20100702,199
84017,Quarter-finals,South Africa,20100702,200
36742,Round of 16,South Africa,20100629,201
62955,Round of 16,South Africa,20100629,202
61962,Round of 16,South Africa,20100628,203
54096,Round of 16,South Africa,20100628,204
40510,Round of 16,South Africa,20100627,205
84377,Round of 16,South Africa,20100627,206
30597,Round of 16,South Africa,20100626,207
34976,Round of 16,South Africa,20100626,208
62712,Group stage,South Africa,20100625,209
34763,Group stage,South Africa,20100625,210
41958,Group stage,South Africa,20100625,211
28042,Group stage,South Africa,20100625,212
34850,Group stage,South Africa,20100624,213
53412,Group stage,South Africa,20100624,214
27967,Group stage,South Africa,20100624,215
63093,Group stage,South Africa,20100624,216
36893,Group stage,South Africa,20100623,217
35827,Group stage,South Africa,20100623,218
83391,Group stage,South Africa,20100623,219
37836,Group stage,South Africa,20100623,220
33425,Group stage,South Africa,20100622,221
39415,Group stage,South Africa,20100622,222
61874,Group stage,South Africa,20100622,223
38891,Group stage,South Africa,20100622,224
63644,Group stage,South Africa,20100621,225
34872,Group stage,South Africa,20100621,226
54386,Group stage,South Africa,20100621,227
26643,Group stage,South Africa,20100620,228
38229,Group stage,South Africa,20100620,229
84455,Group stage,South Africa,20100620,230
62010,Group stage,South Africa,20100619,231
34812,Group stage,South Africa,20100619,232
38074,Group stage,South Africa,20100619,233
38294,Group stage,South Africa,20100618,234
45573,Group stage,South Africa,20100618,235
64100,Group stage,South Africa,20100618,236
82174,Group stage,South Africa,20100617,237
31593,Group stage,South Africa,20100617,238
35370,Group stage,South Africa,20100617,239
32664,Group stage,South Africa,20100616,240
62453,Group stage,South Africa,20100616,241
42658,Group stage,South Africa,20100616,242
23871,Group stage,South Africa,20100615,243
37034,Group stage,South Africa,20100615,244
54331,Group stage,South Africa,20100615,245
83465,Group stage,South Africa,20100614,246
30620,Group stage,South Africa,20100614,247
62869,Group stage,South Africa,20100614,248
30325,Group stage,South Africa,20100613,249
38833,Group stage,South Africa,20100613,250
62660,Group stage,South Africa,20100613,251
31513,Group stage,South Africa,20100612,252
55686,Group stage,South Africa,20100612,253
38646,Group stage,South Africa,20100612,254
84490,Group stage,South Africa,20100611,255
64100,Group stage,South Africa,20100611,256
69000,Final,Germany,20060709,257
52000,Third-place match,Germany,20060708,258
66000,Semi-finals,Germany,20060705,259
65000,Semi-finals,Germany,20060704,260
52000,Quarter-finals,Germany,20060701,261
48000,Quarter-finals,Germany,20060701,262
72000,Quarter-finals,Germany,20060630,263
50000,Quarter-finals,Germany,20060630,264
65000,Round of 16,Germany,20060627,265
43000,Round of 16,Germany,20060627,266
46000,Round of 16,Germany,20060626,267
45000,Round of 16,Germany,20060626,268
52000,Round of 16,Germany,20060625,269
41000,Round of 16,Germany,20060625,270
66000,Round of 16,Germany,20060624,271
43000,Round of 16,Germany,20060624,272
46000,Group stage,Germany,20060623,273
72000,Group stage,Germany,20060623,274
45000,Group stage,Germany,20060623,275
43000,Group stage,Germany,20060623,276
41000,Group stage,Germany,20060622,277
50000,Group stage,Germany,20060622,278
65000,Group stage,Germany,20060622,279
52000,Group stage,Germany,20060622,280
52000,Group stage,Germany,20060621,281
38000,Group stage,Germany,20060621,282
66000,Group stage,Germany,20060621,283
48000,Group stage,Germany,20060621,284
43000,Group stage,Germany,20060620,285
72000,Group stage,Germany,20060620,286
46000,Group stage,Germany,20060620,287
45000,Group stage,Germany,20060620,288
65000,Group stage,Germany,20060619,289
50000,Group stage,Germany,20060619,290
52000,Group stage,Germany,20060619,291
41000,Group stage,Germany,20060618,292
66000,Group stage,Germany,20060618,293
43000,Group stage,Germany,20060618,294
48000,Group stage,Germany,20060617,295
45000,Group stage,Germany,20060617,296
46000,Group stage,Germany,20060617,297
52000,Group stage,Germany,20060616,298
52000,Group stage,Germany,20060616,299
43000,Group stage,Germany,20060616,300
50000,Group stage,Germany,20060615,301
41000,Group stage,Germany,20060615,302
72000,Group stage,Germany,20060615,303
43000,Group stage,Germany,20060614,304
66000,Group stage,Germany,20060614,305
65000,Group stage,Germany,20060614,306
48000,Group stage,Germany,20060613,307
52000,Group stage,Germany,20060613,308
72000,Group stage,Germany,20060613,309
46000,Group stage,Germany,20060612,310
52000,Group stage,Germany,20060612,311
43000,Group stage,Germany,20060612,312
37216,Group stage,Germany,20060611,313
41000,Group stage,Germany,20060611,314
45000,Group stage,Germany,20060611,315
48000,Group stage,Germany,20060610,316
62959,Group stage,Germany,20060610,317
49480,Group stage,Germany,20060610,318
64950,Group stage,Germany,20060609,319
52000,Group stage,Germany,20060609,320
69029,Final,"Korea Republic, Japan",20020630,321
63483,Third-place match,"Korea Republic, Japan",20020629,322
61058,Semi-finals,"Korea Republic, Japan",20020626,323
65625,Semi-finals,"Korea Republic, Japan",20020625,324
42114,Quarter-finals,"Korea Republic, Japan",20020622,325
44233,Quarter-finals,"Korea Republic, Japan",20020622,326
47436,Quarter-finals,"Korea Republic, Japan",20020621,327
37337,Quarter-finals,"Korea Republic, Japan",20020621,328
45666,Round of 16,"Korea Republic, Japan",20020618,329
38588,Round of 16,"Korea Republic, Japan",20020618,330
36380,Round of 16,"Korea Republic, Japan",20020617,331
40440,Round of 16,"Korea Republic, Japan",20020617,332
39747,Round of 16,"Korea Republic, Japan",20020616,333
38926,Round of 16,"Korea Republic, Japan",20020616,334
25176,Round of 16,"Korea Republic, Japan",20020615,335
40582,Round of 16,"Korea Republic, Japan",20020615,336
45213,Group stage,"Korea Republic, Japan",20020614,337
46640,Group stage,"Korea Republic, Japan",20020614,338
50239,Group stage,"Korea Republic, Japan",20020614,339
26482,Group stage,"Korea Republic, Japan",20020614,340
38524,Group stage,"Korea Republic, Japan",20020613,341
43605,Group stage,"Korea Republic, Japan",20020613,342
39291,Group stage,"Korea Republic, Japan",20020613,343
65862,Group stage,"Korea Republic, Japan",20020613,344
45777,Group stage,"Korea Republic, Japan",20020612,345
44864,Group stage,"Korea Republic, Japan",20020612,346
31024,Group stage,"Korea Republic, Japan",20020612,347
30176,Group stage,"Korea Republic, Japan",20020612,348
48100,Group stage,"Korea Republic, Japan",20020611,349
33681,Group stage,"Korea Republic, Japan",20020611,350
65320,Group stage,"Korea Republic, Japan",20020611,351
47085,Group stage,"Korea Republic, Japan",20020611,352
60778,Group stage,"Korea Republic, Japan",20020610,353
39700,Group stage,"Korea Republic, Japan",20020610,354
31000,Group stage,"Korea Republic, Japan",20020610,355
45610,Group stage,"Korea Republic, Japan",20020609,356
42299,Group stage,"Korea Republic, Japan",20020609,357
66108,Group stage,"Korea Republic, Japan",20020609,358
47226,Group stage,"Korea Republic, Japan",20020608,359
36472,Group stage,"Korea Republic, Japan",20020608,360
36750,Group stage,"Korea Republic, Japan",20020608,361
36194,Group stage,"Korea Republic, Japan",20020607,362
24000,Group stage,"Korea Republic, Japan",20020607,363
35927,Group stage,"Korea Republic, Japan",20020607,364
43500,Group stage,"Korea Republic, Japan",20020606,365
52328,Group stage,"Korea Republic, Japan",20020606,366
38070,Group stage,"Korea Republic, Japan",20020606,367
30957,Group stage,"Korea Republic, Japan",20020605,368
37306,Group stage,"Korea Republic, Japan",20020605,369
35854,Group stage,"Korea Republic, Japan",20020605,370
27217,Group stage,"Korea Republic, Japan",20020604,371
55256,Group stage,"Korea Republic, Japan",20020604,372
48760,Group stage,"Korea Republic, Japan",20020604,373
32239,Group stage,"Korea Republic, Japan",20020603,374
33842,Group stage,"Korea Republic, Japan",20020603,375
31081,Group stage,"Korea Republic, Japan",20020603,376
34050,Group stage,"Korea Republic, Japan",20020602,377
25186,Group stage,"Korea Republic, Japan",20020602,378
52721,Group stage,"Korea Republic, Japan",20020602,379
28588,Group stage,"Korea Republic, Japan",20020602,380
33679,Group stage,"Korea Republic, Japan",20020601,381
30157,Group stage,"Korea Republic, Japan",20020601,382
32218,Group stage,"Korea Republic, Japan",20020601,383
62561,Group stage,"Korea Republic, Japan",20020531,384
80000,Final,France,19980712,385
44000,Third-place match,France,19980711,386
80000,Semi-finals,France,19980708,387
60000,Semi-finals,France,19980707,388
60000,Quarter-finals,France,19980704,389
43300,Quarter-finals,France,19980704,390
80000,Quarter-finals,France,19980703,391
49500,Quarter-finals,France,19980703,392
31800,Round of 16,France,19980630,393
30600,Round of 16,France,19980630,394
29800,Round of 16,France,19980629,395
33000,Round of 16,France,19980629,396
31800,Round of 16,France,19980628,397
77000,Round of 16,France,19980628,398
55000,Round of 16,France,19980627,399
45500,Round of 16,France,19980627,400
31800,Group stage,France,19980626,401
39100,Group stage,France,19980626,402
80000,Group stage,France,19980626,403
42000,Group stage,France,19980626,404
30600,Group stage,France,19980625,405
45500,Group stage,France,19980625,406
38500,Group stage,France,19980625,407
35500,Group stage,France,19980625,408
31800,Group stage,France,19980624,409
39100,Group stage,France,19980624,410
41275,Group stage,France,19980624,411
33400,Group stage,France,19980624,412
80000,Group stage,France,19980623,413
39500,Group stage,France,19980623,414
57000,Group stage,France,19980623,415
36000,Group stage,France,19980623,416
35500,Group stage,France,19980622,417
33140,Group stage,France,19980622,418
41275,Group stage,France,19980621,419
45500,Group stage,France,19980621,420
43300,Group stage,France,19980621,421
35500,Group stage,France,19980620,422
31800,Group stage,France,19980620,423
55000,Group stage,France,19980620,424
48000,Group stage,France,19980619,425
36000,Group stage,France,19980619,426
33500,Group stage,France,19980618,427
80000,Group stage,France,19980618,428
36000,Group stage,France,19980617,429
35500,Group stage,France,19980617,430
31800,Group stage,France,19980616,431
38500,Group stage,France,19980616,432
54587,Group stage,France,19980615,433
43300,Group stage,France,19980615,434
49000,Group stage,France,19980615,435
33500,Group stage,France,19980614,436
36000,Group stage,France,19980614,437
38100,Group stage,France,19980614,438
38000,Group stage,France,19980613,439
39100,Group stage,France,19980613,440
77000,Group stage,France,19980613,441
27650,Group stage,France,19980612,442
38100,Group stage,France,19980612,443
55000,Group stage,France,19980612,444
35200,Group stage,France,19980611,445
36500,Group stage,France,19980611,446
80000,Group stage,France,19980610,447
29750,Group stage,France,19980610,448
94194,Final,United States,19940717,449
91500,Third-place match,United States,19940716,450
74110,Semi-finals,United States,19940713,451
91856,Semi-finals,United States,19940713,452
72000,Quarter-finals,United States,19940710,453
83500,Quarter-finals,United States,19940710,454
53400,Quarter-finals,United States,19940709,455
63500,Quarter-finals,United States,19940709,456
54367,Round of 16,United States,19940705,457
71030,Round of 16,United States,19940705,458
61355,Round of 16,United States,19940704,459
84147,Round of 16,United States,19940704,460
60277,Round of 16,United States,19940703,461
90469,Round of 16,United States,19940703,462
60246,Round of 16,United States,19940702,463
53121,Round of 16,United States,19940702,464
53001,Group stage,United States,19940630,465
63998,Group stage,United States,19940630,466
60578,Group stage,United States,19940629,467
52959,Group stage,United States,19940629,468
52535,Group stage,United States,19940628,469
72404,Group stage,United States,19940628,470
74914,Group stage,United States,19940628,471
77217,Group stage,United States,19940628,472
63998,Group stage,United States,19940627,473
63089,Group stage,United States,19940627,474
63160,Group stage,United States,19940626,475
93869,Group stage,United States,19940626,476
83401,Group stage,United States,19940626,477
62387,Group stage,United States,19940625,478
76322,Group stage,United States,19940625,479
54453,Group stage,United States,19940625,480
60790,Group stage,United States,19940624,481
83401,Group stage,United States,19940624,482
71528,Group stage,United States,19940624,483
74624,Group stage,United States,19940623,484
54453,Group stage,United States,19940623,485
61428,Group stage,United States,19940622,486
93869,Group stage,United States,19940622,487
54456,Group stage,United States,19940621,488
63113,Group stage,United States,19940621,489
44132,Group stage,United States,19940621,490
81061,Group stage,United States,19940620,491
50535,Group stage,United States,19940620,492
61219,Group stage,United States,19940619,493
52395,Group stage,United States,19940619,494
93194,Group stage,United States,19940619,495
73425,Group stage,United States,19940618,496
75338,Group stage,United States,19940618,497
91856,Group stage,United States,19940618,498
63117,Group stage,United States,19940617,499
56247,Group stage,United States,19940617,500
73603,Final,Italy,19900708,501
51426,Third-place match,Italy,19900707,502
62628,Semi-finals,Italy,19900704,503
59978,Semi-finals,Italy,19900703,504
73347,Quarter-finals,Italy,19900701,505
55205,Quarter-finals,Italy,19900701,506
38971,Quarter-finals,Italy,19900630,507
73303,Quarter-finals,Italy,19900630,508
35500,Round of 16,Italy,19900626,509
34520,Round of 16,Italy,19900626,510
31818,Round of 16,Italy,19900625,511
73303,Round of 16,Italy,19900625,512
61381,Round of 16,Italy,19900624,513
74559,Round of 16,Italy,19900624,514
50026,Round of 16,Italy,19900623,515
47673,Round of 16,Italy,19900623,516
35950,Group stage,Italy,19900621,517
29039,Group stage,Italy,19900621,518
33288,Group stage,Italy,19900621,519
34959,Group stage,Italy,19900621,520
30223,Group stage,Italy,19900620,521
62502,Group stage,Italy,19900620,522
72510,Group stage,Italy,19900619,523
27833,Group stage,Italy,19900619,524
34857,Group stage,Italy,19900619,525
73303,Group stage,Italy,19900619,526
52733,Group stage,Italy,19900618,527
37307,Group stage,Italy,19900618,528
33288,Group stage,Italy,19900617,529
33759,Group stage,Italy,19900617,530
32733,Group stage,Italy,19900617,531
58007,Group stage,Italy,19900616,532
35267,Group stage,Italy,19900616,533
31823,Group stage,Italy,19900616,534
38962,Group stage,Italy,19900615,535
71169,Group stage,Italy,19900615,536
32257,Group stage,Italy,19900614,537
38687,Group stage,Italy,19900614,538
73423,Group stage,Italy,19900614,539
35713,Group stage,Italy,19900613,540
55759,Group stage,Italy,19900613,541
32790,Group stage,Italy,19900612,542
33288,Group stage,Italy,19900612,543
30867,Group stage,Italy,19900611,544
35238,Group stage,Italy,19900611,545
33266,Group stage,Italy,19900610,546
74765,Group stage,Italy,19900610,547
62628,Group stage,Italy,19900610,548
30791,Group stage,Italy,19900609,549
42907,Group stage,Italy,19900609,550
73303,Group stage,Italy,19900609,551
73780,Group stage,Italy,19900608,552
114600,Final,Mexico,19860629,553
21000,Third-place match,Mexico,19860628,554
45000,Semi-finals,Mexico,19860625,555
114500,Semi-finals,Mexico,19860625,556
114580,Quarter-finals,Mexico,19860622,557
45000,Quarter-finals,Mexico,19860622,558
65000,Quarter-finals,Mexico,19860621,559
41700,Quarter-finals,Mexico,19860621,560
98728,Round of 16,Mexico,19860618,561
38500,Round of 16,Mexico,19860618,562
70000,Round of 16,Mexico,19860617,563
19800,Round of 16,Mexico,19860617,564
45000,Round of 16,Mexico,19860616,565
26000,Round of 16,Mexico,19860616,566
114580,Round of 16,Mexico,19860615,567
32277,Round of 16,Mexico,19860615,568
20000,Group stage,Mexico,19860613,569
36000,Group stage,Mexico,19860613,570
23980,Group stage,Mexico,19860612,571
51000,Group stage,Mexico,19860612,572
16000,Group stage,Mexico,19860611,573
103763,Group stage,Mexico,19860611,574
22700,Group stage,Mexico,19860611,575
28000,Group stage,Mexico,19860611,576
65000,Group stage,Mexico,19860610,577
20000,Group stage,Mexico,19860610,578
14200,Group stage,Mexico,19860609,579
31420,Group stage,Mexico,19860609,580
30000,Group stage,Mexico,19860608,581
20000,Group stage,Mexico,19860608,582
26500,Group stage,Mexico,19860608,583
114600,Group stage,Mexico,19860607,584
28000,Group stage,Mexico,19860607,585
19915,Group stage,Mexico,19860607,586
48000,Group stage,Mexico,19860606,587
13800,Group stage,Mexico,19860606,588
20200,Group stage,Mexico,19860606,589
32000,Group stage,Mexico,19860605,590
36540,Group stage,Mexico,19860605,591
45000,Group stage,Mexico,19860605,592
24000,Group stage,Mexico,19860604,593
30500,Group stage,Mexico,19860604,594
18000,Group stage,Mexico,19860604,595
110000,Group stage,Mexico,19860603,596
22000,Group stage,Mexico,19860603,597
23000,Group stage,Mexico,19860603,598
16500,Group stage,Mexico,19860602,599
60000,Group stage,Mexico,19860602,600
19900,Group stage,Mexico,19860602,601
35748,Group stage,Mexico,19860601,602
65500,Group stage,Mexico,19860601,603
96000,Group stage,Mexico,19860531,604
90000,Final,Spain,19820711,605
28000,Third-place match,Spain,19820710,606
50000,Semi-finals,Spain,19820708,607
70000,Semi-finals,Spain,19820708,608
44000,Second group stage,Spain,19820705,609
75000,Second group stage,Spain,19820705,610
37000,Second group stage,Spain,19820704,611
65000,Second group stage,Spain,19820704,612
44000,Second group stage,Spain,19820702,613
90089,Second group stage,Spain,19820702,614
20000,Second group stage,Spain,19820701,615
45000,Second group stage,Spain,19820701,616
43000,Second group stage,Spain,19820629,617
75000,Second group stage,Spain,19820629,618
37000,Second group stage,Spain,19820628,619
65000,Second group stage,Spain,19820628,620
39700,First group stage,Spain,19820625,621
41000,First group stage,Spain,19820625,622
49562,First group stage,Spain,19820625,623
28000,First group stage,Spain,19820624,624
16000,First group stage,Spain,19820624,625
25000,First group stage,Spain,19820624,626
20000,First group stage,Spain,19820623,627
32500,First group stage,Spain,19820623,628
43000,First group stage,Spain,19820623,629
25000,First group stage,Spain,19820622,630
37000,First group stage,Spain,19820622,631
45000,First group stage,Spain,19820622,632
22000,First group stage,Spain,19820621,633
30043,First group stage,Spain,19820621,634
15000,First group stage,Spain,19820621,635
42000,First group stage,Spain,19820620,636
41123,First group stage,Spain,19820620,637
48000,First group stage,Spain,19820620,638
19000,First group stage,Spain,19820619,639
19000,First group stage,Spain,19820619,640
15000,First group stage,Spain,19820619,641
25000,First group stage,Spain,19820618,642
47379,First group stage,Spain,19820618,643
32093,First group stage,Spain,19820618,644
22500,First group stage,Spain,19820617,645
25000,First group stage,Spain,19820617,646
25000,First group stage,Spain,19820617,647
44172,First group stage,Spain,19820616,648
42000,First group stage,Spain,19820616,649
49562,First group stage,Spain,19820616,650
11000,First group stage,Spain,19820615,651
23000,First group stage,Spain,19820615,652
36000,First group stage,Spain,19820615,653
33000,First group stage,Spain,19820614,654
68000,First group stage,Spain,19820614,655
95000,First group stage,Spain,19820613,656
71483,Final,Argentina,19780625,657
69659,Third-place match,Argentina,19780624,658
67433,Second round,Argentina,19780621,659
38318,Second round,Argentina,19780621,660
39586,Second round,Argentina,19780621,661
37315,Second round,Argentina,19780621,662
35288,Second round,Argentina,19780618,663
40750,Second round,Argentina,19780618,664
66695,Second round,Argentina,19780618,665
37326,Second round,Argentina,19780618,666
25050,Second round,Argentina,19780614,667
67547,Second round,Argentina,19780614,668
31278,Second round,Argentina,19780614,669
37091,Second round,Argentina,19780614,670
35221,First round,Argentina,19780611,671
42132,First round,Argentina,19780611,672
21262,First round,Argentina,19780611,673
35130,First round,Argentina,19780611,674
23127,First round,Argentina,19780610,675
22651,First round,Argentina,19780610,676
30667,First round,Argentina,19780610,677
71712,First round,Argentina,19780610,678
41424,First round,Argentina,19780607,679
34771,First round,Argentina,19780607,680
28125,First round,Argentina,19780607,681
7938,First round,Argentina,19780607,682
26533,First round,Argentina,19780606,683
35258,First round,Argentina,19780606,684
9624,First round,Argentina,19780606,685
71666,First round,Argentina,19780606,686
32569,First round,Argentina,19780603,687
40841,First round,Argentina,19780603,688
37927,First round,Argentina,19780603,689
33431,First round,Argentina,19780603,690
42373,First round,Argentina,19780602,691
17396,First round,Argentina,19780602,692
71615,First round,Argentina,19780602,693
67579,First round,Argentina,19780601,694
78200,Final,Germany,19740707,695
77100,Third-place match,Germany,19740706,696
62000,Second round,Germany,19740703,697
53700,Second round,Germany,19740703,698
54254,Second round,Germany,19740703,699
41300,Second round,Germany,19740703,700
58000,Second round,Germany,19740630,701
39400,Second round,Germany,19740630,702
68348,Second round,Germany,19740630,703
67800,Second round,Germany,19740630,704
67385,Second round,Germany,19740626,705
59863,Second round,Germany,19740626,706
44955,Second round,Germany,19740626,707
56548,Second round,Germany,19740626,708
53300,First round,Germany,19740623,709
70100,First round,Germany,19740623,710
28300,First round,Germany,19740623,711
25900,First round,Germany,19740623,712
56000,First round,Germany,19740622,713
17400,First round,Germany,19740622,714
36200,First round,Germany,19740622,715
60200,First round,Germany,19740622,716
25300,First round,Germany,19740619,717
13400,First round,Germany,19740619,718
53700,First round,Germany,19740619,719
70100,First round,Germany,19740619,720
53300,First round,Germany,19740618,721
31700,First round,Germany,19740618,722
28300,First round,Germany,19740618,723
62000,First round,Germany,19740618,724
55100,First round,Germany,19740615,725
23800,First round,Germany,19740615,726
53000,First round,Germany,19740615,727
32700,First round,Germany,19740615,728
81100,First round,Germany,19740614,729
17000,First round,Germany,19740614,730
27000,First round,Germany,19740614,731
62000,First round,Germany,19740613,732
107412,Final,Mexico,19700621,733
104403,Third-place match,Mexico,19700620,734
102444,Semi-finals,Mexico,19700617,735
51261,Semi-finals,Mexico,19700617,736
54233,Quarter-finals,Mexico,19700614,737
26851,Quarter-finals,Mexico,19700614,738
26085,Quarter-finals,Mexico,19700614,739
23357,Quarter-finals,Mexico,19700614,740
108192,Group stage,Mexico,19700611,741
9890,Group stage,Mexico,19700611,742
12299,Group stage,Mexico,19700611,743
49292,Group stage,Mexico,19700611,744
17875,Group stage,Mexico,19700610,745
50804,Group stage,Mexico,19700610,746
18163,Group stage,Mexico,19700610,747
89979,Group stage,Mexico,19700610,748
103058,Group stage,Mexico,19700607,749
66843,Group stage,Mexico,19700607,750
12710,Group stage,Mexico,19700607,751
9624,Group stage,Mexico,19700607,752
56818,Group stage,Mexico,19700606,753
29968,Group stage,Mexico,19700606,754
95261,Group stage,Mexico,19700606,755
13537,Group stage,Mexico,19700606,756
92205,Group stage,Mexico,19700603,757
52897,Group stage,Mexico,19700603,758
13433,Group stage,Mexico,19700603,759
12942,Group stage,Mexico,19700603,760
50560,Group stage,Mexico,19700602,761
13765,Group stage,Mexico,19700602,762
20654,Group stage,Mexico,19700602,763
107160,Group stage,Mexico,19700531,764
96924,Final,England,19660730,765
87696,Third-place match,England,19660728,766
94493,Semi-finals,England,19660726,767
38273,Semi-finals,England,19660725,768
40248,Quarter-finals,England,19660723,769
90584,Quarter-finals,England,19660723,770
26844,Quarter-finals,England,19660723,771
40007,Quarter-finals,England,19660723,772
98270,Group stage,England,19660720,773
24129,Group stage,England,19660720,774
42187,Group stage,England,19660720,775
16027,Group stage,England,19660720,776
61112,Group stage,England,19660719,777
32127,Group stage,England,19660719,778
58479,Group stage,England,19660719,779
17829,Group stage,England,19660719,780
46587,Group stage,England,19660716,781
27793,Group stage,England,19660716,782
25438,Group stage,England,19660716,783
92570,Group stage,England,19660716,784
32028,Group stage,England,19660715,785
45662,Group stage,England,19660715,786
51387,Group stage,England,19660715,787
13792,Group stage,England,19660715,788
42738,Group stage,England,19660713,789
69237,Group stage,England,19660713,790
27199,Group stage,England,19660713,791
29886,Group stage,England,19660713,792
47308,Group stage,England,19660712,793
23006,Group stage,England,19660712,794
36127,Group stage,England,19660712,795
87148,Group stage,England,19660711,796
68679,Final,Chile,19620617,797
66697,Third-place match,Chile,19620616,798
76594,Semi-finals,Chile,19620613,799
5890,Semi-finals,Chile,19620613,800
17268,Quarter-finals,Chile,19620610,801
17736,Quarter-finals,Chile,19620610,802
11690,Quarter-finals,Chile,19620610,803
63324,Quarter-finals,Chile,19620610,804
5700,Group stage,Chile,19620607,805
10648,Group stage,Chile,19620607,806
59828,Group stage,Chile,19620607,807
7167,Group stage,Chile,19620607,808
67224,Group stage,Chile,19620606,809
9973,Group stage,Chile,19620606,810
7945,Group stage,Chile,19620606,811
18715,Group stage,Chile,19620606,812
11875,Group stage,Chile,19620603,813
8040,Group stage,Chile,19620603,814
7442,Group stage,Chile,19620603,815
64922,Group stage,Chile,19620603,816
66057,Group stage,Chile,19620602,817
14903,Group stage,Chile,19620602,818
9794,Group stage,Chile,19620602,819
8829,Group stage,Chile,19620602,820
65440,Group stage,Chile,19620531,821
7938,Group stage,Chile,19620531,822
12700,Group stage,Chile,19620531,823
9622,Group stage,Chile,19620531,824
65006,Group stage,Chile,19620530,825
7908,Group stage,Chile,19620530,826
10484,Group stage,Chile,19620530,827
7134,Group stage,Chile,19620530,828
49737,Final,Sweden,19580629,829
32483,Third-place match,Sweden,19580628,830
49471,Semi-finals,Sweden,19580624,831
27100,Semi-finals,Sweden,19580624,832
11800,Quarter-finals,Sweden,19580619,833
20055,Quarter-finals,Sweden,19580619,834
25923,Quarter-finals,Sweden,19580619,835
31900,Quarter-finals,Sweden,19580619,836
6196,Group stage play-off,Sweden,19580617,837
2823,Group stage play-off,Sweden,19580617,838
23182,Group stage play-off,Sweden,19580617,839
30287,Group stage,Sweden,19580615,840
13103,Group stage,Sweden,19580615,841
21990,Group stage,Sweden,19580615,842
16418,Group stage,Sweden,19580615,843
15872,Group stage,Sweden,19580615,844
50928,Group stage,Sweden,19580615,845
13300,Group stage,Sweden,19580615,846
13554,Group stage,Sweden,19580615,847
38850,Group stage,Sweden,19580612,848
21239,Group stage,Sweden,19580611,849
25000,Group stage,Sweden,19580611,850
14174,Group stage,Sweden,19580611,851
12217,Group stage,Sweden,19580611,852
11665,Group stage,Sweden,19580611,853
40895,Group stage,Sweden,19580611,854
15150,Group stage,Sweden,19580611,855
34107,Group stage,Sweden,19580608,856
10647,Group stage,Sweden,19580608,857
15343,Group stage,Sweden,19580608,858
9591,Group stage,Sweden,19580608,859
17788,Group stage,Sweden,19580608,860
49348,Group stage,Sweden,19580608,861
16518,Group stage,Sweden,19580608,862
31156,Group stage,Sweden,19580608,863
62500,Final,Switzerland,19540704,864
32000,Third-place match,Switzerland,19540703,865
45000,Semi-finals,Switzerland,19540630,866
58000,Semi-finals,Switzerland,19540630,867
17000,Quarter-finals,Switzerland,19540627,868
40000,Quarter-finals,Switzerland,19540627,869
28000,Quarter-finals,Switzerland,19540626,870
35000,Quarter-finals,Switzerland,19540626,871
17000,Group stage play-off,Switzerland,19540623,872
30000,Group stage play-off,Switzerland,19540623,873
56000,Group stage,Switzerland,19540620,874
4000,Group stage,Switzerland,19540620,875
24000,Group stage,Switzerland,19540620,876
43500,Group stage,Switzerland,19540620,877
34000,Group stage,Switzerland,19540619,878
24637,Group stage,Switzerland,19540619,879
26000,Group stage,Switzerland,19540619,880
19000,Group stage,Switzerland,19540619,881
43000,Group stage,Switzerland,19540617,882
13000,Group stage,Switzerland,19540617,883
28000,Group stage,Switzerland,19540617,884
14000,Group stage,Switzerland,19540617,885
20500,Group stage,Switzerland,19540616,886
16000,Group stage,Switzerland,19540616,887
13470,Group stage,Switzerland,19540616,888
25000,Group stage,Switzerland,19540616,889
11227,Final stage,Brazil,19500716,890
173850,Final stage,Brazil,19500716,891
152772,Final stage,Brazil,19500713,892
7987,Final stage,Brazil,19500713,893
138886,Final stage,Brazil,19500709,894
44802,Final stage,Brazil,19500709,895
8501,Group stage,Brazil,19500702,896
25811,Group stage,Brazil,19500702,897
5284,Group stage,Brazil,19500702,898
74462,Group stage,Brazil,19500702,899
3580,Group stage,Brazil,19500702,900
142429,Group stage,Brazil,19500701,901
19790,Group stage,Brazil,19500629,902
10151,Group stage,Brazil,19500629,903
7903,Group stage,Brazil,19500629,904
42032,Group stage,Brazil,19500628,905
11078,Group stage,Brazil,19500628,906
36502,Group stage,Brazil,19500625,907
29703,Group stage,Brazil,19500625,908
9511,Group stage,Brazil,19500625,909
7336,Group stage,Brazil,19500625,910
81649,Group stage,Brazil,19500624,911
12000,Third-place match,France,19380619,912
45000,Final,France,19380619,913
20000,Semi-finals,France,19380616,914
33000,Semi-finals,France,19380616,915
18141,Quarter-finals,France,19380614,916
7000,Quarter-finals,France,19380612,917
22021,Quarter-finals,France,19380612,918
15000,Quarter-finals,France,19380612,919
58455,Quarter-finals,France,19380612,920
20025,Round of 16,France,19380609,921
8000,Round of 16,France,19380609,922
19000,Round of 16,France,19380605,923
7000,Round of 16,France,19380605,924
9000,Round of 16,France,19380605,925
30454,Round of 16,France,19380605,926
13452,Round of 16,France,19380605,927
11000,Round of 16,France,19380605,928
27152,Round of 16,France,19380604,929
55000,Final,Italy,19340610,930
7000,Third-place match,Italy,19340607,931
15000,Semi-finals,Italy,19340603,932
35000,Semi-finals,Italy,19340603,933
43000,Quarter-finals,Italy,19340601,934
23000,Quarter-finals,Italy,19340531,935
12000,Quarter-finals,Italy,19340531,936
35000,Quarter-finals,Italy,19340531,937
3000,Quarter-finals,Italy,19340531,938
9000,Round of 16,Italy,19340527,939
9000,Round of 16,Italy,19340527,940
16000,Round of 16,Italy,19340527,941
33000,Round of 16,Italy,19340527,942
14000,Round of 16,Italy,19340527,943
21000,Round of 16,Italy,19340527,944
8000,Round of 16,Italy,19340527,945
25000,Round of 16,Italy,19340527,946
68346,Final,Uruguay,19300730,947
79867,Semi-finals,Uruguay,19300727,948
72886,Semi-finals,Uruguay,19300726,949
41459,Group stage,Uruguay,19300722,950
70022,Group stage,Uruguay,19300721,951
25466,Group stage,Uruguay,19300720,952
12000,Group stage,Uruguay,19300720,953
2000,Group stage,Uruguay,19300719,954
42100,Group stage,Uruguay,19300719,955
57735,Group stage,Uruguay,19300718,956
18306,Group stage,Uruguay,19300717,957
18306,Group stage,Uruguay,19300717,958
9249,Group stage,Uruguay,19300716,959
23409,Group stage,Uruguay,19300715,960
24059,Group stage,Uruguay,19300714,961
2549,Group stage,Uruguay,19300714,962
18346,Group stage,Uruguay,19300713,963
4444,Group stage,Uruguay,19300713,964
