team,id
Côte d'Ivoire,1
Russia,2
Paraguay,3
Senegal,4
Sweden,5
IR Iran,6
Zaire,7
Iraq,8
Germany,9
Germany DR,10
France,11
Greece,12
Algeria,13
Togo,14
Slovakia,15
Argentina,16
Wales,17
Belgium,18
Angola,19
Ecuador,20
Qatar,21
Türkiye,22
Ghana,23
Peru,24
United States,25
Chile,26
Soviet Union,27
Serbia and Montenegro,28
Croatia,29
Czechoslovakia,30
Nigeria,31
Bolivia,32
Korea Republic,33
Italy,34
Norway,35
Spain,36
Cuba,37
FR Yugoslavia,38
Denmark,39
Morocco,40
Panama,41
Korea DPR,42
Ukraine,43
Iceland,44
West Germany,45
Uruguay,46
Mexico,47
Tunisia,48
Honduras,49
Trinidad and Tobago,50
Saudi Arabia,51
Yugoslavia,52
Switzerland,53
Jamaica,54
United Arab Emirates,55
Canada,56
Czech Republic,57
Brazil,58
Slovenia,59
Japan,60
Republic of Ireland,61
New Zealand,62
England,63
Bosnia and Herzegovina,64
China PR,65
Haiti,66
Poland,67
Portugal,68
Cameroon,69
Australia,70
Romania,71
Bulgaria,72
Austria,73
Costa Rica,74
Egypt,75
Serbia,76
South Africa,77
Scotland,78
Colombia,79
Northern Ireland,80
Hungary,81
Netherlands,82
Dutch East Indies,83
Kuwait,84
Israel,85
El Salvador,86
