player,id,team_id
Abdeljalil Hadda,1,40
Abdelkrim Merry,2,40
Abdelmoumene Djabou,3,13
Abderrazak Khairi,4,40
Abdullah Al-Buloushi,5,84
Abdulrahman Fawzi,6,75
Abel Balbo,7,16
Achraf Dari,8,40
Adalbert Deșu,9,71
Adelardo Rodríguez,10,36
Ademir,11,58
Admir Mehmedi,12,53
Adnan Januzaj,13,18
Adolf Scherer,14,30
Adolfo Valencia,15,79
Adolfo Zumelzú,16,16
Adrian Ilie,17,71
Adrian Knup,18,53
Adriano,19,58
Adrien Rabiot,20,11
Agne Simonsson,21,5
Agustín Delgado,22,20
Ahmed Musa,23,31
Ahmed Radhi,24,8
Ahn Jung-hwan,25,33
Alain Couriol,26,11
Alain Giresse,27,11
Alain Sutter,28,53
Alan Mullery,29,63
Alan Shearer,30,63
Albert Brülls,31,45
Alberto Galateo,32,16
Alberto Gallardo,33,24
Alberto García Aspe,34,47
Alberto Gilardino,35,34
Alberto Górriz,36,36
Alberto Tarantini,37,16
Alcides Ghiggia,38,46
Aldo Donelli,39,25
Aldo Serena,40,34
Alejandro Scopelli,41,16
Aleksandar Kolarov,42,76
Aleksandar Mitrović,43,76
Aleksandar Petaković,44,52
Aleksandar Tirnanić,45,52
Aleksandr Golovin,46,2
Aleksandr Ivanov,47,27
Aleksandr Kerzhakov,48,2
Aleksandr Kokorin,49,2
Aleksandre Chivadze,50,27
Aleksei Mamykin,51,27
Alessandro Altobelli,52,34
Alessandro Del Piero,53,34
Alex Song,54,69
Alexander Frei,55,53
Alexandre Czerniatynski,56,18
Alexandru Neagu,57,71
Alexis Mac Allister,58,16
Alexis Sánchez,59,26
Alfred Bickel,60,53
Alfred Körner,61,73
Alfred Pfaff,62,9
Alfred Phiri,63,77
Alfredo II,64,58
AlfredodelÁguila,65,47
AlfreðFinnbogason,66,44
Ali Kaabi,67,48
Ali Thani Jumaa,68,55
Allan Clarke,69,63
Allan Nielsen,70,39
Alphonso Davies,71,56
Amancio Amaro,72,36
Amarildo Tavaresda Silveira,73,58
Amleto Frignani,74,34
Américo Gallego,75,16
Anatoli Ilyin,76,27
Anatoliy Banishevskiy,77,27
Anatoliy Byshovets,78,27
Anders Svensson,79,5
Andoni Goikoetxea,80,36
Andrea Pirlo,81,34
Andreas Brehme,82,45
Andreas Christensen,83,39
Andreas Granqvist,84,5
Andreas Herzog,85,73
Andreas Möller,86,9
Andreas Ogris,87,73
Andreas Samaris,88,12
Andrei Zygmantovich,89,27
Andrej Kramarić,90,29
Andriy Bal,91,27
Andriy Rusol,92,43
Andriy Shevchenko,93,43
Andrzej Buncol,94,67
Andrzej Szarmach,95,67
András Tóth,96,81
András Törőcsik,97,81
AndréAbegglen,98,53
AndréAyew,99,23
AndréCarrillo,100,24
AndréKana-Biyik,101,69
AndréMaschinot,102,11
AndréSchürrle,103,9
Andrés Guardado,104,47
Andrés Iniesta,105,36
Andrés Prieto,106,26
Angelo Domenghini,107,34
Angelo Schiavio,108,34
Ante Rebić,109,29
Antoine Griezmann,110,11
Antolín Alcaraz,111,3
Anton Schall,112,73
Antonio Alzamendi,113,46
Antonio Cabrini,114,34
Antonio Di Natale,115,34
Antonio Rada,116,79
Antonio Rattín,117,16
Antonio Valencia,118,20
Antonín Panenka,119,30
Antonín Puč,120,30
António Simões,121,68
Ao Tanaka,122,60
Archie Gemmill,123,78
Arie Haan,124,82
Ariel Ortega,125,16
Arjen Robben,126,82
Arne Brustad,127,35
Arne Friedrich,128,9
Arne Nyberg,129,5
Aron Winter,130,82
Artem Dzyuba,131,2
Arthur Machado,132,58
Arturo Vázquez Ayala,133,47
Aruna Dindane,134,1
Asamoah Gyan,135,23
Asparuh Nikodimov,136,72
Atilio Cremaschi,137,26
Atilio López,138,3
Aurélien Tchouaméni,139,11
Avdija Vršajević,140,64
Bakari Koné,141,1
Baltazar,142,58
Bamba Dieng,143,4
Bart Mc Ghee,144,25
Bartosz Bosacki,145,67
Bastian Schweinsteiger,146,9
Bebeto,147,58
Benito Lorenzi,148,34
Benjamin Massing,149,69
Benjamin Pavard,150,11
Benni Mc Carthy,151,77
Bernard Genghini,152,11
Bernard Lacombe,153,11
Bernard Voorhoof,154,18
Bernardo Redín,155,79
Bernd Hölzenbein,156,45
Bernd Schneider,157,9
Bernhard Cullmann,158,45
Bernhard Klodt,159,9
Bert Patenaude,160,25
Beto,161,68
Billy Hamilton,162,80
Bixente Lizarazu,163,11
Blagoje Marjanović,164,52
Blaise Matuidi,165,11
Blerim Džemaili,166,53
Bobby Charlton,167,63
Bobby Collins,168,78
Bonaventure Kalou,169,1
Bongani Khumalo,170,77
BorisŽivković,171,29
Boudewijn Zenden,172,82
Boulaye Dia,173,4
Branco,174,58
Branko Oblak,175,52
Branko Zebec,176,52
Breel Embolo,177,53
Brett Holman,178,70
Brian Laudrup,179,39
Brian Mc Bride,180,25
Bror Mellberg,181,5
Bruce Murray,182,25
Bruno Conti,183,34
Bruno Fernandes,184,68
Bruno Mora,185,34
Bruno Petković,186,29
Bruno Pezzey,187,73
Bryan Robson,188,63
Bryan Roy,189,82
Bryan Ruiz,190,74
Bukayo Saka,191,63
Burhan Sargun,192,22
Bülent Korkmaz,193,22
Cacau,194,9
Careca,195,58
Carles Puyol,196,36
Carlo Costly,197,49
Carlo Galli,198,34
Carlos Alberto Torres,199,58
Carlos Babington,200,16
Carlos Blanco,201,47
Carlos Borges,202,46
Carlos Caszely,203,26
Carlos Manuel,204,68
Carlos Peucelle,205,16
Carlos Soler,206,36
Carlos Sánchez,207,79
Carlos Tenorio,208,20
Carlos Tevez,209,16
Carlos Valderrama,210,79
Carlos Vela,211,47
Carlos Vidal,212,26
Carsten Jancker,213,9
Casemiro,214,58
Cayetano Ré,215,3
Celso Ayala,216,3
Charles Antenen,217,53
Charles Aránguiz,218,26
Cho Guesung,219,33
Choi Soon-ho,220,33
Christian Eriksen,221,39
Christian Lopez,222,11
Christian Pulisic,223,25
Christian Vieri,224,34
Christian Wörns,225,9
Christophe Dugarry,226,11
Claudio Caniggia,227,16
Claudio López,228,16
Claudio Marchisio,229,34
Claudio Suárez,230,47
Clint Dempsey,231,25
Clint Mathis,232,25
Clodoaldo,233,58
Cody Gakpo,234,82
Colin Clarke,235,80
Conny Torstensson,236,5
Constantin Stanciu,237,71
Craig Burley,238,78
Craig Goodwin,239,70
Craig Moore,240,70
Cristian Riveros,241,3
Cristiano Ronaldo,242,68
Cuauhtémoc Blanco,243,47
César Cueto,244,24
César López Fretes,245,3
César Sampaio,246,58
Daizen Maeda,247,60
Daley Blind,248,82
Damien Duff,249,61
Dan Eggen,250,35
Dan Petrescu,251,71
Dani Olmo,252,36
Daniel Amokachi,253,31
Daniel Bertoni,254,16
Daniel Borimirov,255,72
Daniel Fonseca,256,46
Daniel Passarella,257,16
Daniel Ruiz,258,36
Daniel Sturridge,259,63
Daniel Veyt,260,18
Daniele De Rossi,261,34
Daniele Massaro,262,34
Darijo Srna,263,29
Darko Pančev,264,52
Darren Anderton,265,63
Darío Rodríguez,266,46
David Beckham,267,63
David Embé,268,69
David Luiz,269,58
David Narey,270,78
David Platt,271,63
David Trezeguet,272,11
David Villa,273,36
Davor Jozić,274,52
DavorŠuker,275,29
Davy Klaassen,276,82
Deco,277,68
Dele Alli,278,63
Denis Cheryshev,279,2
Dennis Bergkamp,280,82
Dennis Rommedahl,281,39
Dennis Wilshaw,282,63
Denzel Dumfries,283,82
Derek Kevan,284,63
Diamantino Miranda,285,68
Dick Nanninga,286,82
Didi,287,58
Didier Drogba,288,1
Didier Six,289,11
Diego Costa,290,36
Diego Forlán,291,46
Diego Godín,292,46
Diego Maradona,293,16
Dieter Müller,294,45
Dimitris Salpingidis,295,12
Dinko Dermendzhiev,296,72
Dino Baggio,297,34
Dirceu,298,58
Dirk Kuyt,299,82
Divock Origi,300,18
Djalma Santos,301,58
Djamel Zidane,302,13
Dmitri Radchenko,303,2
Dmitri Sychev,304,2
Dobromir Zhechev,305,72
Domagoj Vida,306,29
Dominique Rocheteau,307,11
Dragan Džajić,308,52
Dragan Stojković,309,38
Dražan Jerković,310,52
Dries Mertens,311,18
Dušan Bajević,312,52
Dušan Vlahović,313,76
Dylan Bronn,314,48
Earnie Stewart,315,25
Ebbe Sand,316,39
Eden Hazard,317,18
Edgar Davids,318,82
Edin Džeko,319,64
Edinho,320,58
Edinson Cavani,321,46
Edmund Conen,322,9
Edmílson,323,58
Eduard Malofeyev,324,27
Eduardo Laing,325,49
Eduardo Vargas,326,26
Egisto Pandolfini,327,34
Eladio Rojas,328,26
Elano,329,58
Eloy Olaya,330,36
Emerich Dembrovschi,331,71
Emil Forsberg,332,5
Emil Kostadinov,333,72
Emile Heskey,334,63
Emilio Butragueño,335,36
Emmanuel Amunike,336,31
Emmanuel Kundé,337,69
Emmanuel Olisadebe,338,67
Emmanuel Petit,339,11
Emmanuel Sanon,340,66
Emre Belözoğlu,341,22
Enner Valencia,342,20
Enrique Borja,343,47
Enrique Guaita,344,34
Enrique Saura,345,36
Enrique Vera,346,3
Enzo Fernández,347,16
Enzo Francescoli,348,46
Enzo Scifo,349,18
Eric Maxim Choupo-Moting,350,69
Eric Wynalda,351,25
Erich Juskowiak,352,45
Erich Obermayer,353,73
Erich Probst,354,73
Ermes Muccinelli,355,34
Ermindo Onega,356,16
Ernesto Belis,357,16
Ernesto Vidal,358,46
Ernie Brandts,359,82
Ernst Lehner,360,9
Ernst Ocwirk,361,73
Ernst Stojaspal,362,73
Ernst Wilimowski,363,67
ErnőSolymosi,364,81
Erol Keskin,365,22
Erwin Sánchez,366,32
Erwin Vandenbergh,367,18
Estanislau Basora,368,36
Esteban Cambiasso,369,16
Eugen Walaschek,370,53
Eugène Ekéké,371,69
Eusébio,372,68
Fabio Capello,373,34
Fabio Grosso,374,34
Fabio Quagliarella,375,34
Fahad Al-Ghesheyan,376,51
Faisal Al-Dakhil,377,84
Fakhreddine Ben Youssef,378,48
Famara Diedhiou,379,4
Felipe Baloy,380,41
Ferenc Bene,381,81
Ferenc Puskás,382,81
Ferenc Sipos,383,81
Ferjani Sassi,384,48
Fernandinho,385,58
Fernando Hierro,386,36
Fernando Morientes,387,36
Fernando Quirarte,388,47
Fernando Riera,389,26
Fernando Torres,390,36
Ferrán Torres,391,36
Filippo Inzaghi,392,34
Finidi George,393,31
Florea Dumitrache,394,71
Florencio Amarilla,395,3
Florent Malouda,396,11
Florin Răducioiu,397,71
Flávio Amado,398,19
Flórián Albert,399,81
Francesco Graziani,400,34
Francesco Totti,401,34
Francisco Aramburu,402,58
Francisco Arce,403,3
Francisco Fonseca,404,47
Francisco Varallo,405,16
Francisco Zuluaga,406,79
Franck Ribéry,407,11
Franco Causio,408,34
Frank Arnesen,409,39
Frank Rijkaard,410,82
Frank Wallace,411,25
Franky Vercauteren,412,18
František Svoboda,413,30
Franz Beckenbauer,414,45
François Omam-Biyik,415,69
Fred,416,58
Freddie Ljungberg,417,5
Freddy Rincón,418,79
Frenkiede Jong,419,82
Friaça,420,58
Friedrich Scherfke,421,67
Fritz Walter,422,9
Fuad Anwar,423,51
Fulvio Nesti,424,34
Gabi Balint,425,71
Gabriel Batistuta,426,16
Gabriel Heinze,427,16
Gabriel Mercado,428,16
Gaizka Mendieta,429,36
Gareth Bale,430,17
Garrincha,431,58
Gary Breen,432,61
Gary Lineker,433,63
Gaston Taument,434,82
Gavi,435,36
Gelson Fernandes,436,53
Genki Haraguchi,437,60
Geoff Hurst,438,63
George Robledo,439,26
Georges Bregy,440,53
Georges Grün,441,18
Georges Verriest,442,11
Georgi Asparuhov,443,72
Georgi Sokolov,444,72
Georginio Wijnaldum,445,82
Georgios Samaras,446,12
Gerardo Torrado,447,47
Gerd Müller,448,45
Gerhard Rodax,449,73
Germán Aceros,450,79
Gerry Armstrong,451,80
Gerry Hitchens,452,63
Gert Verheyen,453,18
Gervinho,454,1
Gheorghe Hagi,455,71
Giacomo Bulgarelli,456,34
Giampiero Boniperti,457,34
Gianfranco Zola,458,34
Gianluca Pagliuca,459,34
Gianluca Zambrotta,460,34
Gianni Rivera,461,34
Gilberto,462,58
Gilberto Yearwood,463,49
Gino Colaussi,464,34
Gino Pariani,465,25
Giorgian De Arrascaeta,466,46
Giorgio Ferrini,467,34
Giovanidos Santos,468,47
Giovanni Ferrari,469,34
Giovannivan Bronckhorst,470,82
Giuseppe Giannini,471,34
Giuseppe Meazza,472,34
Glenn Strömberg,473,5
Gonzalo Higuaín,474,16
Gonçalo Ramos,475,68
Goran Vlaović,476,29
Gordon Strachan,477,78
Graeme Souness,478,78
Granit Xhaka,479,53
Grzegorz Krychowiak,480,67
Grzegorz Lato,481,67
Grégoire M'Bida,482,69
Guillermo La Rosa,483,24
Guillermo Stábile,484,16
Guillermo Subiabre,485,26
Gunnar Gren,486,5
Gustav Wetterström,487,5
Gustavo Dezotti,488,16
Gustavo Moscoso,489,26
Gustavo Peña,490,47
Gylfi Sigurðsson,491,44
Gyula Zsengellér,492,81
György Sárosi,493,81
Gábor Pölöskei,494,81
Gérard Hausser,495,11
Gérard Soler,496,11
Gérson,497,58
Géza Toldi,498,81
Gösta Dunker,499,5
Ha Seok-ju,500,33
Haji Wright,501,25
HakanŞükür,502,22
Hakim Ziyech,503,40
Hamid Estili,504,6
Haminu Draman,505,23
Hans Cieslarczyk,506,45
Hans Krankl,507,73
Hans Pesser,508,9
Hans Schäfer,509,45
Hansi Müller,510,45
Haris Seferović,511,53
Harry Andersson,512,5
Harry Kane,513,63
Harry Kewell,514,70
Harry Maguire,515,63
HasanŞaş,516,22
Hassan Nader,517,40
Hassan Rowshan,518,6
Hasse Jeppson,519,5
Heinz Flohe,520,45
Heinz Schneiter,521,53
Helmut Haller,522,45
Helmut Rahn,523,45
Henri Camara,524,4
Henri Coppens,525,18
Henri Isemborghs,526,18
Henrik Larsson,527,5
Henry Martín,528,47
Hernán Crespo,529,16
Hernán Gaviria,530,79
Hernán Medford,531,74
Hidetoshi Nakata,532,60
Hiroaki Morishima,533,60
Hirving Lozano,534,47
Hong Myung-bo,535,33
Honorino Landa,536,26
Horacio Casarín,537,47
Horacio Troche,538,46
Horst Hrubesch,539,45
Horst Szymaniak,540,45
Houmane Jarir,541,40
Hristo Bonev,542,72
Hristo Stoichkov,543,72
Hugo Almeida,544,68
Hugo Sánchez,545,47
Huh Jung-moo,546,33
Humberto Tozzi,547,58
Hwang Hee-chan,548,33
Hwang Sun-hong,549,33
Hwangbo Kwan,550,33
Håkan Mild,551,5
Håvard Flo,552,35
Héctor Castro,553,46
Héctor Chumpitaz,554,24
Héctor De Bourgoing,555,11
Héctor Facundo,556,16
Héctor Hernández,557,47
Héctor Ortiz,558,47
Héctor Scarone,559,46
Héctor Silva,560,46
Héctor Socorro,561,37
Héctor Yazalde,562,16
Héctor Zelaya,563,49
Iago Aspas,564,36
Igor Belanov,565,27
Igor Chislenko,566,27
Igor Dobrovolski,567,27
Ildo Maneiro,568,46
Ilie Dumitrescu,569,71
Ilija Petković,570,52
Imre Markos,571,81
Ion Andoni Goikoetxea,572,36
Ion Vlădoiu,573,71
Iraj Danaeifard,574,6
Isco,575,36
Isidoro Díaz,576,47
Isidro Lángara,577,36
Islam Slimani,578,13
Ismaila Sarr,579,4
Iuliu Barátky,580,71
Ivan Bek,581,52
Ivan Gudelj,582,52
Ivan Hašek,583,30
Ivan Perišić,584,29
Ivan Rakitić,585,29
Ivan Yaremchuk,586,27
Ivica Olić,587,29
Ivica Vastić,588,73
IvicaŠurjak,589,52
Ivor Allchurch,590,17
Ivor Broadis,591,63
Iván Kaviedes,592,20
Jack Grealish,593,63
Jackie Mudie,594,78
Jackson Martínez,595,79
Jacques Fatton,596,53
Jaime Belmonte,597,47
Jaime Ramírez,598,26
Jairda Rosa Pinto,599,58
Jairzinho,600,58
James Rodríguez,601,79
Jan Bednarek,602,67
Jan Ceulemans,603,18
Jan Koller,604,57
Jan Vertonghen,605,18
Janusz Kupcewicz,606,67
JanŘíha,607,30
Jared Borgetti,608,47
Javier Aguirre,609,47
Javier Ambrois,610,46
Javier Fragoso,611,47
Javier Hernández,612,47
Javier Saviola,613,16
Javier Valdivia,614,47
Javier Zanetti,615,16
Jawhar Mnari,616,48
Jean Beausejour,617,26
Jean Nicolas,618,11
Jean Tigana,619,11
Jean Vincent,620,11
Jean-Charles Castelletto,621,69
Jean-Marc Ferreri,622,11
Jean-Pierre Papin,623,11
Jeff Agoos(OG),624,25
JenőVincze,625,81
Jermain Defoe,626,63
Jermaine Jones,627,25
Jerzy Gorgoń,628,67
Jesper Olsen,629,39
Jesse Lingard,630,63
Jesús María Zamora,631,36
Ji Yun-nam,632,42
Jim Brown,633,25
Jimmy Greaves,634,63
Jimmy Mullen,635,63
Jimmy Murray,636,78
JiříFeureisl,637,30
JiříSobotka,638,30
Joachim Streich,639,10
Joaquín Peiró,640,36
Joe Cole,641,63
Joe Gaetjens,642,25
Joe Jordan,643,78
Joe Maca,644,25
Joel Campbell,645,74
Johan Cruyff,646,82
Johan Neeskens,647,82
Johan Walem,648,18
Johann Horvath,649,73
John Aldridge,650,61
John Aloisi,651,70
John Brooks,652,25
John Charles,653,17
John Collins,654,78
John Eriksen,655,39
John Harold Lozano,656,79
John O'Brien,657,25
John Robertson,658,78
John Stones,659,63
John Wark,660,78
Johnny Ekström,661,5
Johnny Haynes,662,63
Johnny Rep,663,82
Jon Dahl Tomasson,664,39
Jonas Thern,665,5
Jordan Henderson,666,63
Jorge Burruchaga,667,16
Jorge Lino Romero,668,3
Jorge Luis Campos,669,3
Jorge Toro,670,26
Jorge Valdano,671,16
Jorge Valdivia,672,26
Josef Bican,673,73
Josef Gauchel,674,9
Josef Hügi,675,53
Josef Kadraba,676,30
Josef Košťálek,677,30
Josef Masopust,678,30
Josef Zeman,679,30
Josep Maria Fusté,680,36
Josimar,681,58
Josip Drmić,682,53
Josip Katalinski,683,52
Josip Skoblar,684,52
JoséAltafini,685,58
JoséAugusto Torres,686,68
JoséAugustode Almeida,687,68
JoséBatista,688,46
JoséCardozo,689,3
JoséIraragorri,690,36
JoséLuis Brown,691,16
JoséLuis Caminero,692,36
JoséLuis González Dávila,693,47
JoséLuis Lamadrid,694,47
JoséLuis Sierra,695,26
JoséLázaro Robles,696,58
JoséMagriñá,697,37
JoséMaría Giménez,698,46
JoséParodi,699,3
JoséPerácio,700,58
JoséReinaldode Lima,701,58
JoséSanfilippo,702,16
JoséSasía,703,46
JoséVelásquez,704,24
JozefŠtibrányi,705,30
João Félix,706,68
João Pinto,707,68
Joël Matip,708,69
Joško Gvardiol,709,29
Juan,710,58
Juan Alberto Schiaffino,711,46
Juan Antonio Señor,712,36
Juan Bautista Agüero,713,3
Juan Carlos Letelier,714,26
Juan Carlos Valerón,715,36
Juan Carreño,716,47
Juan Cayasso,717,74
Juan Cuadrado,718,79
Juan Hohberg,719,46
Juan Ignacio Basaguren,720,47
Juan Manuel Asensi,721,36
Juan Mata,722,36
Juan Mujica,723,46
Juan Quintero,724,79
Juanito,725,36
Jude Bellingham,726,63
Julian Green,727,25
Julio Abbadie,728,46
Julio César Cortés,729,46
Julio César Romero,730,3
Julio Montero Castillo,731,46
Julio Pérez,732,46
Julio Salinas,733,36
Julius Aghahowa,734,31
JuliánÁlvarez,735,16
Junichi Inamoto,736,60
Juninho Pernambucano,737,58
Just Fontaine,738,11
János Farkas,739,81
József Bencsics,740,81
József Bozsik,741,81
József Tóth,742,81
József Varga,743,81
Júlio Botelho,744,58
Júnior,745,58
Jürgen Grabowski,746,45
Jürgen Klinsmann,747,9
Jürgen Sparwasser,748,10
Kai Havertz,749,9
Kakhi Asatiani,750,27
Kaká,751,58
Kalidou Koulibaly,752,4
Kalu Uche,753,31
Kamil Kopúnek,754,15
Karim Ansarifard,755,6
Karim Benzema,756,11
Karl Hohmann,757,9
Karl Koller,758,73
Karl Sesta,759,73
Karl Zischek,760,73
Karl-Erik Palmér,761,5
Karl-Heinz Riedle,762,9
Karl-Heinz Rummenigge,763,45
Karl-Heinz Schnellinger,764,45
Katlego Mphela,765,77
Kazimierz Deyna,766,67
Keiji Tamada,767,60
Keisuke Honda,768,60
Kendall Waston,769,74
Kennet Andersson,770,5
Kenny Dalglish,771,78
Kevin De Bruyne,772,18
Kevin Sheedy,773,61
Kevin-Prince Boateng,774,23
Keysher Fuller,775,74
Khalid Boutaïb,776,40
Khalid Ismaïl,777,55
Khalilou Fadiga,778,4
Khoren Oganesian,779,27
Kick Smit,780,82
Kieran Trippier,781,63
Kiko,782,36
Kim Jong-boo,783,33
Kim Young-gwon,784,33
Kjetil Rekdal,785,35
Klaas-Jan Huntelaar,786,82
Klaus Allofs,787,45
Klaus Fischer,788,45
Knut Kroon,789,5
Koo Ja-cheol,790,33
Kosta Tomašević,791,52
Kudus Mohammed,792,23
Kurt Hamrin,793,5
Kylian Mbappé,794,11
Kálmán Mészöly,795,81
Károly Csapó,796,81
Károly Sándor,797,81
Ladislav Petráš,798,30
Ladislav Vízek,799,30
Lajos Détári,800,81
Lajos Tichy,801,81
Lakhdar Belloumi,802,13
Landon Donovan,803,25
Lauren,804,69
Laurent Blanc,805,11
Lee Chun-soo,806,33
Lee Chung-yong,807,33
Lee Eul-yong,808,33
Lee Jung-soo,809,33
Lee Keun-ho,810,33
Leen Vente,811,82
Lefter Küçükandonyadis,812,22
Lei Clijsters,813,18
Lennart Skoglund,814,5
Leonardo Araújo,815,58
Leonel Sánchez,816,26
Leopold Kielholz,817,53
Leopoldo Luque,818,16
Leovegildo Linsda Gama Júnior,819,58
Leroy Fer,820,82
Leônidas,821,58
Li Dong-woon,822,42
Lilian Thuram,823,11
Lionel Messi,824,16
Liédson,825,68
Lothar Emmerich,826,45
Lothar Matthäus,827,45
Lovro Majer,828,29
LubošKubík,829,30
Luc Nilis,830,18
Luca Toni,831,34
Lucas Paquetá,832,58
Lucas Radebe,833,77
Lucien Laurent,834,11
Ludo Coeck,835,18
Ludovico Avio,836,16
Ludwig Augustinsson,837,5
Luigi Di Biagio,838,34
Luigi Riva,839,34
Luis Artime,840,16
Luis Chávez,841,47
Luis Cubilla,842,46
Luis Enrique,843,36
Luis Fernández,844,11
Luis Flores,845,47
Luis García Postigo,846,47
Luis Hernández,847,47
Luis Monti,848,16
Luis Ramírez Zapata,849,86
Luis Regueiro,850,36
Luis Suárez,851,46
Luis Vargas Peña,852,3
Luisde Souza Ferreira,853,24
Luka Modrić,854,29
Lukas Podolski,855,9
Luís Fabiano,856,58
Luís Pereira,857,58
LászlóFazekas,858,81
LászlóKiss,859,81
Lázár Szentes,860,81
Léider Preciado,861,79
Léopold Anoul,862,18
M'Baye Niang,863,4
Magdi Abdelghani,864,75
Maicon Sisenando,865,58
Maksym Kalynychenko,866,43
Mal Donaghy,867,80
Maneca,868,58
Maniche,869,68
Manuel Akanji,870,53
Manuel Amoros,871,11
Manuel Negrete Arias,872,47
Manuel Rosas,873,47
Manuel Sanchís,874,36
Maouhoub Ghazouani,875,40
Marc Berdoll,876,11
Marc Degryse,877,18
Marc Overmars,878,82
Marc Rieper,879,39
Marc Wilmots,880,18
Marcel Langiller,881,11
Marcelino Bernal,882,47
Marcell Jansen,883,9
Marcelo Salas,884,26
MarcinŻewłakow,885,67
Marco Asensio,886,36
Marco Bode,887,9
Marco Etcheverry,888,32
Marco Materazzi,889,34
Marco Reus,890,9
Marco Tardelli,891,34
Marco Ureña,892,74
Marcos Coll,893,79
Marcos Rojo,894,16
Marcus Allbäck,895,5
Marcus Rashford,896,63
Marino Klinger,897,79
Mario Balotelli,898,34
Mario David,899,34
Mario Evaristo,900,16
Mario Götze,901,9
Mario Kempes,902,16
Mario Mandžukić,903,29
Mario Stanić,904,29
Marius Lăcătuș,905,71
Marius Trésor,906,11
Mark González,907,26
Mark Wright,908,63
Marko Livaja,909,29
Marko Pantelić,910,76
Marouane Fellaini,911,18
Martin Dahlin,912,5
Martin Hoffmann,913,10
Martin Jørgensen,914,39
Martin Peters,915,63
Martín Demichelis,916,16
Martín Palermo,917,16
Maryan Wisnieski,918,11
Masashi Nakayama,919,60
Mateja Kežman,920,28
Mathew Leckie,921,70
Mathias Jørgensen,922,39
Mathieu Valbuena,923,11
Mats Hummels,924,9
Matt Holland,925,61
Matthew Upson,926,63
Matthias Sindelar,927,73
Mauricio Pineda,928,16
Mauricio Wright,929,74
Max Morlock,930,9
Maxi Pereira,931,46
Maxi Rodríguez,932,16
Maxime Bossis,933,11
Mehdi Mahdavikia,934,6
Mehdi Taremi,935,6
Memphis,936,82
MesutÖzil,937,9
Michael Ballack,938,9
Michael Bradley,939,25
Michael Lang,940,53
Michael Laudrup,941,39
Michael Owen,942,63
Michal Bílek,943,30
Michel De Wolf,944,18
Michel Platini,945,11
Michy Batshuayi,946,18
Miguel Bossio,947,46
MiguelÁngel Benítez,948,3
MiguelÁngel Brindisi,949,16
MiguelÁngel Nadal,950,36
MiguelÁngel Neira,951,26
Mihály Lantos,952,81
Mike Sweeney,953,56
Miklos Molnar,954,39
Milan Badelj,955,29
Milan Dvořák,956,30
Milan Galić,957,52
Milan Jovanović,958,76
Milan Luhový,959,30
Milan Rapaić,960,29
Mile Jedinak,961,70
Milenko Ačimovič,962,59
MilošMilutinović,963,52
Miralem Pjanić,964,64
Miroslav Klose,965,9
Mislav Oršić,966,29
Mitchell Duke,967,70
Mo Johnston,968,78
Moderato Wisintainer,969,58
Mohamed Kader,970,14
Mohamed Salah,971,75
Mohammed Al Khilaiwi,972,51
Mohammed Chaouch,973,40
Mohammed Muntari,974,21
Mohammed Salisu,975,23
Moisés Caicedo,976,20
Mokhtar Dhouieb,977,48
Mordechai Spiegler,978,85
Morten Wieghorst,979,39
Moussa Sissoko,980,11
Moussa Wagué,981,4
Mustafa Ertan,982,22
Mustapha Hadji,983,40
Mutiu Adepoju,984,31
Márcio Santos,985,58
Mário Fernandes,986,2
Mário Zagallo,987,58
Márton Esterházy,988,81
Míchel,989,36
Müller,990,58
Nacer Chadli,991,18
Nacho,992,36
Nahuel Molina,993,16
Nani,994,68
Nasko Sirakov,995,72
NastjaČeh,996,59
Nat Lofthouse,997,63
Ndaye Mulamba,998,7
Nelinho,999,58
Nelson Cuevas,1000,3
Neymar,1001,58
Niall Quinn,1002,61
Nicklas Bendtner,1003,39
Niclas Alexandersson,1004,5
Niclas Füllkrug,1005,9
Nico Claesen,1006,18
Nicolae Kovács,1007,71
Nicolás Lodeiro,1008,46
Nikita Simonyan,1009,27
Niko Kovač,1010,29
NikolaŽigić,1011,28
Nils Liedholm,1012,5
Norberto Menéndez,1013,16
Norman Whiteside,1014,80
Nuno Gomes,1015,68
Nándor Hidegkuti,1016,81
Néjib Ghommidh,1017,48
Nílton Santos,1018,58
Obdulio Varela,1019,46
Ola Toivonen,1020,5
Oldřich Nejedlý,1021,30
Oleg Salenko,1022,2
Oleh Blokhin,1023,27
Oleh Protasov,1024,27
Oleksandr Zavarov,1025,27
Oliver Bierhoff,1026,9
Oliver Neuville,1027,9
Olivier Giroud,1028,11
Omar Bravo,1029,47
Oreste Corbatta,1030,16
Oribe Peralta,1031,47
Oscar,1032,58
Oscar Heisserer,1033,11
Oscar Ruggeri,1034,16
Osman Bukari,1035,23
Osvaldo Ardiles,1036,16
Ottmar Walter,1037,9
Otto Siffling,1038,9
Ove Grahn,1039,5
Pablo Armero,1040,79
Pablo Bengoechea,1041,46
Pablo Dorado,1042,46
Pablo Mastroeni,1043,25
Paik Seung-ho,1044,33
Pak Doo-ik,1045,42
Pak Seung-zin,1046,42
Paolo Barison,1047,34
Paolo Guerrero,1048,24
Paolo Rossi,1049,34
Papa Bouba Diop,1050,4
Pape Malick Diop,1051,4
Park Chang-sun,1052,33
Park Chu-young,1053,33
Park Ji-sung,1054,33
Patrick Kluivert,1055,82
Patrick M'Boma,1056,69
Patrick Vervoort,1057,18
Patrick Vieira,1058,11
Paul Breitner,1059,45
Paul Caligiuri,1060,25
Paul Mariner,1061,63
Paul Pogba,1062,11
Paul Scholes,1063,63
Pauleta,1064,68
Paulinho,1065,58
Paulo Bento,1066,33
Paulo Roberto Falcão,1067,58
Paulo Wanchope,1068,74
Pavlo Yakovenko,1069,27
PawełKryszałowicz,1070,67
Pedro Cea,1071,46
Pedro Monzón,1072,16
Pedro Pasculli,1073,16
Pedro Rocha,1074,46
Pedro Troglio,1075,16
Pelé,1076,58
Pep Guardiola,1077,36
Pepe,1078,68
Peregrino Anselmo,1079,46
Petar Radaković,1080,52
Peter Artner,1081,73
Peter Beardsley,1082,63
Peter Crouch,1083,63
Peter Lorimer,1084,78
Peter Mc Parland,1085,80
Peter Møller,1086,39
Peter Odemwingie,1087,31
Peter Vander Heyden,1088,18
Phil Foden,1089,63
Philipp Lahm,1090,9
Philippe Albert,1091,18
Philippe Coutinho,1092,58
Philippe Senderos,1093,53
Phillip Cocu,1094,82
Pierre Littbarski,1095,45
Pierre Njanka,1096,69
Pierrevan Hooijdonk,1097,82
Pietro Anastasi,1098,34
Pietro Ferraris,1099,34
Piotr Zieliński,1100,67
Pirri,1101,36
Plamen Getov,1102,72
Plácido Galindo,1103,24
Preben Elkjær,1104,39
Predrag Mijatović,1105,38
Preguinho,1106,58
Pál Teleki,1107,81
Pál Titkos,1108,81
Pável Pardo,1109,47
Péter Palotás,1110,81
Quinton Fortune,1111,77
Rabah Madjer,1112,13
Radamel Falcao,1113,79
Radhi Jaïdi,1114,48
Radivoje Ognjanović,1115,52
Rafael Albrecht,1116,16
Rafael Leão,1117,68
Rafael Márquez,1118,47
Rafik Halliche,1119,13
Raheem Sterling,1120,63
Raimundo Orsi,1121,34
Rainer Bonhof,1122,45
Rajko Mitić,1123,52
Ralf Edström,1124,5
Ramaz Shengelia,1125,27
Ramin Rezaeian,1126,6
Ramón Calderé,1127,36
Ramón Díaz,1128,16
Ramón Heredia,1129,16
Ramón Ramírez,1130,47
Randal Kolo Muani,1131,11
Raouf Bouzaiene,1132,48
Raoul Lambert,1133,18
Raphaël Guerreiro,1134,68
Raphaël Varane,1135,11
Rashidi Yekini,1136,31
Raul Meireles,1137,68
Ray Houghton,1138,61
Ray Richards,1139,70
Ray Wilkins,1140,63
Raymond Kalla,1141,69
Raymond Kopa,1142,11
Raí,1143,58
Raúl,1144,36
Raúl Servín,1145,47
RefikŠabanadžović,1146,52
Reinhard Libuda,1147,45
Reinhold Hintermaier,1148,73
Remo Freuler,1149,53
Renato Augusto,1150,58
Renato Zaccarelli,1151,34
René-Pierre Quentin,1152,53
RenéBader,1153,53
RenéGirard,1154,11
RenéHouseman,1155,16
Renévande Kerkhof,1156,82
Reza Ghoochannejad,1157,6
Ricardo Costa,1158,68
Ricardo Gomes,1159,58
Ricardo Horta,1160,68
Ricardo Pavoni,1161,46
Ricardo Peláez,1162,47
Ricardo Quaresma,1163,68
Riccardo Carapellese,1164,34
Richard Herrmann,1165,9
Richard Morales,1166,46
Richarlison,1167,58
Rigobert Song,1168,69
Rildoda Costa Menezes,1169,58
Rio Ferdinand,1170,63
Ritsu Doan,1171,60
Rivaldo,1172,58
Rivellino,1173,58
Rob Rensenbrink,1174,82
Robbie Earle,1175,54
Robbie Keane,1176,61
Robert Ballaman,1177,53
Robert Jarni,1178,29
Robert Koren,1179,59
Robert Lewandowski,1180,67
Robert Prosinečki,1181,52
Roberto,1182,58
Roberto Acuña,1183,3
Roberto Ayala,1184,16
Roberto Baggio,1185,34
Roberto Bettega,1186,34
Roberto Boninsegna,1187,34
Roberto Cabañas,1188,3
Roberto Carlos,1189,58
Roberto Challe,1190,24
Roberto Dinamite,1191,58
Roberto Firmino,1192,58
Roberto Gayón,1193,47
Roberto López Ufarte,1194,36
Robinho,1195,58
Robinvan Persie,1196,82
Rodrigo Millar,1197,26
Roger Hunt,1198,63
Roger Ljung,1199,5
Roger Milla,1200,69
Roger Piantoni,1201,11
Roland Sandberg,1202,5
Rolf Wüthrich,1203,53
Romain Saïss,1204,40
Romaric,1205,1
Romelu Lukaku,1206,18
Romeo Benetti,1207,34
Romeu Pellicciari,1208,58
Romário,1209,58
Ron Flowers,1210,63
Ronald Koeman,1211,82
Ronaldde Boer,1212,82
Ronaldinho,1213,58
Ronaldo,1214,58
Roozbeh Cheshmi,1215,6
Roque Santa Cruz,1216,3
Rubén Ayala,1217,16
Rubén Marcos,1218,26
Rubén Toribio Díaz,1219,24
Rudi Völler,1220,9
Rudolf Noack,1221,9
Rui Costa,1222,68
Ruud Gullit,1223,82
Ruud Krol,1224,82
Ruudvan Nistelrooy,1225,82
Róbert Vittek,1226,15
Róger Flores,1227,74
Rónald González Brenes,1228,74
Rónald Gómez,1229,74
Rüdiger Abramczik,1230,45
Sadio Mané,1231,4
Saeed Al-Owairan,1232,51
Safet Sušić,1233,52
Salah Assad,1234,13
Salaheddine Bassir,1235,40
Saleh Al-Shehri,1236,51
Salem Al-Dawsari,1237,51
Salif Diao,1238,4
Salman Al-Faraj,1239,51
Salomon Kalou,1240,1
Salvatore Schillaci,1241,34
Sami Al-Jaber,1242,51
Sami Khedira,1243,9
Sammy Baird,1244,78
Samson Siasia,1245,31
Samuel Eto'o,1246,69
Samuel Umtiti,1247,11
Sandro Mazzola,1248,34
Santos Iriarte,1249,46
Saša Ilić,1250,28
Sebastjan Cimirotič,1251,59
Seo Jung-won,1252,33
Seol Ki-hyeon,1253,33
Serge Gnabry,1254,9
Sergei Aleinikov,1255,27
Sergei Pavlovich Baltacha,1256,27
Sergej Milinković-Savić,1257,76
Sergey Rodionov,1258,27
Serginho Chulapa,1259,58
Sergio Agüero,1260,16
Sergio Ahumada,1261,26
Serhiy Rebrov,1262,43
Shane Smeltz,1263,62
Shao Jiayi,1264,65
Shaun Bartlett,1265,77
Shinji Kagawa,1266,60
Shinji Okazaki,1267,60
Shunsuke Nakamura,1268,60
Sigfried Held,1269,45
Silvestre Igoa,1270,36
Silvestre Varela,1271,68
Silvio Piola,1272,34
Silviu Bindea,1273,71
Simão Sabrosa,1274,68
Sinha,1275,47
Siniša Mihajlović,1276,38
Siphiwe Tshabalala,1277,77
Siyabonga Nomvethe,1278,77
Skander Souayah,1279,48
Slobodan Komljenović,1280,38
Sofiane Feghouli,1281,13
Sohrab Bakhtiarizadeh,1282,6
Sokratis Papastathopoulos,1283,12
Sol Campbell,1284,63
Son Heung-min,1285,33
Song Chong-gug,1286,33
Stan Mortensen,1287,63
Stanislaus Kobierski,1288,9
Stanislav Karasi,1289,52
Stefan Majewski,1290,67
Stefande Vrij,1291,82
Stephen Appiah,1292,23
Steve Archibald,1293,78
Steve Sumner,1294,62
Steve Wooddin,1295,62
Steven Defour,1296,18
Steven Gerrard,1297,63
Steven Zuber,1298,53
Stig Sundqvist,1299,5
Stjepan Bobek,1300,52
Strahinja Pavlović,1301,76
Stuart Mc Call,1302,78
Stéphane Chapuisat,1303,53
Stéphane Demol,1304,18
Suat Mamat,1305,22
Sulley Muntari,1306,23
Sunday Oliseh,1307,31
Sune Andersson,1308,5
Sven Jonasson,1309,5
Sándor Kocsis,1310,81
Sándor Zombori,1311,81
Sócrates,1312,58
Søren Lerby,1313,39
Takashi Inui,1314,60
Takayuki Suzuki,1315,60
Takuma Asano,1316,60
Tarcisio Burgnich,1317,34
Teboho Mokoena,1318,77
Tedj Bensaoula,1319,13
Telmo Zarra,1320,36
Terry Medwin,1321,17
Teófilo Cubillas,1322,24
Teófilo Gutiérrez,1323,79
Theo Hernández,1324,11
Theode Jong,1325,82
Theodor Wagner,1326,73
Theodore Whitmore,1327,54
Thiago Silva,1328,58
Thierry Henry,1329,11
Thomas Berthold,1330,45
Thomas Helveg,1331,39
Thomas Linke,1332,9
Thomas Meunier,1333,18
Thomas Müller,1334,9
Thomas Sjöberg,1335,5
Tiago Mendes,1336,68
Tibor Nyilasi,1337,81
Tihomir Ognjanov,1338,52
Tijani Babangida,1339,31
Tim Cahill,1340,70
Timothy Weah,1341,25
Titus Buberník,1342,30
Todor Kolev,1343,72
Todor Veselinović,1344,52
Tom Finney,1345,63
Tom Florie,1346,25
Tom Turesson,1347,5
Tomas Brolin,1348,5
Tomás Balcázar,1349,47
Tomás Fernández,1350,37
TomášRosický,1351,57
TomášSkuhravý,1352,30
TomášUjfaluši,1353,57
Toni Kroos,1354,9
Toni Polster,1355,73
Tore AndréFlo,1356,35
Tore Keller,1357,5
Torsten Frings,1358,9
Tostão,1359,58
Tranquillo Barnetta,1360,53
Trevor Francis,1361,63
Txiki Begiristain,1362,36
Uli Hoeneß,1363,45
Uwe Bein,1364,45
Uwe Reinders,1365,45
Uwe Seeler,1366,45
Valdomiro Vaz Franco,1367,58
Valentin Kozmich Ivanov,1368,27
Valeri Karpin,1369,2
Valeriy Porkujan,1370,27
Valter Birsa,1371,59
Vasilis Torosidis,1372,12
Vasyl Rats,1373,27
Vavá,1374,58
Vedad Ibišević,1375,64
Victor Ikpeba,1376,31
Victor Moses,1377,31
Viktor Ponedelnik,1378,27
Vilmos Kohut,1379,81
Vincent Aboubakar,1380,69
Vincenzo Iaquinta,1381,34
Vinicius Júnior,1382,58
Viorel Moldovan,1383,71
Vitaliy Khmelnytskyi,1384,27
Vladica Popović,1385,52
Vladimir Beschastnykh,1386,2
Vladimir Petrović,1387,52
Vladislav Bogićević,1388,52
Vladyslav Vashchuk,1389,43
Vlastimil Kopecký,1390,30
Vojislav Melić,1391,52
Volodymyr Bezsonov,1392,27
Václav Hovorka,1393,30
Václav Mašek,1394,30
Víctor Espárrago,1395,46
Víctor Rangel,1396,47
Wahbi Khazri,1397,48
Walter Schachner,1398,73
Wayne Hennessey,1399,17
Wayne Rooney,1400,63
Wesley Sneijder,1401,82
Wesley Sonck,1402,18
Wilbur Cush,1403,80
Wilf Mannion,1404,63
Wilfried Bony,1405,1
Wilfried Van Moer,1406,18
Wilhelm Hahnemann,1407,9
Willy Jäggi,1408,53
Willyvande Kerkhof,1409,82
Wilson Oruma,1410,31
Wim Jonk,1411,82
Wim Kieft,1412,82
Winston Parks,1413,74
Winston Reid,1414,62
Wolfgang Overath,1415,45
Wolfgang Weber,1416,45
Wout Weghorst,1417,82
Włodzimierz Ciołek,1418,67
Włodzimierz Smolarek,1419,67
Xabi Alonso,1420,36
Xherdan Shaqiri,1421,53
Yacine Brahimi,1422,13
Yahya Golmohammadi,1423,6
Yakubu Aiyegbeni,1424,31
Yang Seung-kook,1425,42
Yannick Stopyra,1426,11
Yasser Al-Qahtani,1427,51
Yasuhito Endō,1428,60
Yaya Touré,1429,1
Yegor Titov,1430,2
Yeltsin Tejeda,1431,74
Yerry Mina,1432,79
Yoann Gourcuff,1433,11
Yoo Sang-chul,1434,33
Yoon Deok-yeo,1435,33
Yordan Letchkov,1436,72
Youri Djorkaeff,1437,11
Youssef En-Nesyri,1438,40
Yousuf Al-Thunayan,1439,51
Yuri Gavrilov,1440,27
Yuri Gazinskiy,1441,2
Yussuf Poulsen,1442,39
Yuya Osako,1443,60
Yvon Douis,1444,11
Zakaria Aboukhlal,1445,40
Zbigniew Boniek,1446,67
Zdeněk Zikán,1447,30
Zdravko Rajkov,1448,52
ZezéProcópio,1449,58
Ziad Jaziri,1450,48
Zico,1451,58
Zinédine Zidane,1452,11
Zito,1453,58
Zizinho,1454,58
Zlatan Ljubijankić,1455,59
Zoltán Czibor,1456,81
ZéRoberto,1457,58
Álvaro Morata,1458,36
Álvaro Pereira,1459,46
Álvaro Recoba,1460,46
Ángel Cabrera,1461,46
Ángel Di María,1462,16
Éder Aleixode Assis,1463,58
Édison Méndez,1464,20
Émile Veinante,1465,11
Óscar Duarte,1466,74
Óscar Míguez,1467,46
Ümit Davala,1468,22
Đorđe Vujadinović,1469,52
İlhan Mansız,1470,22
İlkay Gündoğan,1471,9
Ľubomír Moravčík,1472,30
ŽeljkoČajkovski,1473,52
Ștefan Dobay,1474,71
