Referee,id
Mustapha Ghorbal,1
Roberto Goicoechea,2
Leslie Mottram,3
Anibal Tejada,4
Arturo Brizio Carter,5
Juan Brozzi,6
Konstantin Zecevic,7
Tofik Bakhramov,8
Rudolf Kreitlein,9
Ioan Igna,10
Gabriel Gonzalez Roa,11
Henry Landauer,12
Francis Rion,13
Fernando Rapallini,14
Leo Horn,15
Hans Wuethrich,16
Pavel Kazakov,17
Eugen Braun,18
César Ramos,19
Marco Antonio Rodríguez,20
Joel Quiniou,21
Daniel Siebert,22
Damir Matovinovic,23
Ayrton Vieira De Moraes,24
Carl Frederik Jorgensen,25
Gilberto Aristizabal Murcia,26
Vicente Llobregat,27
Jean Lutz,28
Lucien Leclercq,29
Leo Callaghan,30
Ismail Elfath,31
Pedro Proença,32
Philip Don,33
Ivan Eklind,34
Gustav Krist,35
Pal Von Hertzka,36
Jan Keizer,37
Luis Pestarino,38
Carlos Velasco,39
An Yan Lim Kee Chong,40
Lajos Nemeth,41
Laurens Van Ravens,42
Gottfried Dienst,43
Aron Schmidhuber,44
Carlos Esposito,45
Christopher Bambridge,46
Benjamin Williams,47
Jose Da Costa Vieira,48
Marcel Van Langenhove,49
Benjamin Griffiths,50
John Taylor,51
Jim Finney,52
Jesus Diaz Palacio,53
Georges Capdeville,54
Peter O'Leary,55
Norberto Angel Coerezza,56
Rudolf Gloeckner,57
Carlos Vera,58
Louis Baert,59
Emilio Soriano Aladren,60
Arturo Andres Ithurralde,61
Aly Hussein Kandil,62
Gaston Castro,63
Ravshan Irmatov,64
Bo Karlsson,65
Youssou Ndiaye,66
Juan Gardeazabal,67
Nicolae Rainea,68
Dimitar Rumentchev,69
Idrissa Traore,70
Edwin Picon-Ackong,71
Iván Barton,72
Emil Schmetzer,73
Giovanni Galeati,74
Edgardo Codesal Mendez,75
Hans Joachim Weyland,76
Roger Conrie,77
Elias V. Jacome Guerrero,78
Robert Wurtz,79
Noumandiez Doué,80
Juan Loustau,81
Sten Ahlner,82
Sandor Puhl,83
Thomson Tam Sun Chan,84
Kurt Tschenscher,85
Danny Makkelie,86
Jesus Paulino Siles,87
Néstor Pitana,88
Charles Corver,89
Gerhard Schulenburg,90
Peter Mikkelsen,91
Alberto Tejada Noriega,92
Vojtech Christov,93
Malcolm Moffatt,94
Pierre Schwinte,95
Mario Gardelli,96
Valeri Butenko,97
Robert Valentine,98
Ramon Barreto Ruiz,99
Armando Marques,100
Rafael Hormazabal Diaz,101
Sandro Ricci,102
Ali Bennaceur,103
Andor Dorogi,104
Jack Mowat,105
Henning Lund-Sorensen,106
Henry Cristophe,107
Volker Roth,108
Sergio Gonella,109
Erich Linemayr,110
Mahmoud Kamel,111
Janny Sikazwe,112
Martin Macko,113
Milorad Mažić,114
Istvan Zsolt,115
Jan Bronkhorst,116
Carlos Maciel,117
Vital Loraux,118
Enrique Osses,119
Reginald Leafe,120
Arturo Angeles,121
Abraham Klein,122
Antonio Matéu,123
Bob Davidson,124
Cesar Orozco Guerrero,125
Bertil Loeoew,126
Gianluca Rocchi,127
Jafar Namdar,128
Alberto Malcher,129
Antonio Garrido,130
Karoly Palotai,131
William Ling,132
John Adair,133
Joaquim Fernandes Campos,134
Vincent Mauro,135
Anthony Taylor,136
Andrés Matonte,137
Romulo Mendez Molina,138
Daniele Orsato,139
Werner Winsemann,140
Arthur Blavier,141
Alberto Warnken,142
Domingo Lombardi,143
Jair Marrufo,144
Jose Maria Ortiz De Mendibil,145
Francisco Mateucci,146
Jose Joaquin Torres Cadena,147
Arturo Yamasaki Maldonado,148
Karel Van Der Meer,149
Malang Diédhiou,150
Andre Daina,151
Andrei Radulescu,152
Carlos Robles,153
Luigi Agnolin,154
Damir Skomina,155
Dusan Maksimovic,156
Alois Beranek,157
Gilberto Rego,158
Hellmut Krug,159
Arne Eriksson,160
Aurelio Angonese,161
Franz Woehrer,162
Alfonso Gonzalez Archundia,163
Helmut Kohl,164
Augusto Lamo Castillo,165
Michel Vautrot,166
Bogdan Dotchev,167
Fritz Seipelt,168
Nicola Rizzoli,169
Clive Thomas,170
Ali Bujsaim,171
Francesco Mattea,172
Felix Brych,173
Ernesto Filippi,174
Laurent Franken,175
Mario Viana,176
César Arturo Ramos,177
David Socha,178
Dogan Babacan,179
Vincenzo Orlandini,180
Jose Maria Codesal,181
Raymond Vincenti,182
Generoso Dattilo,183
Cesare Jonni,184
Mohammed Abdulla Hassan,185
Thomas Balway,186
Marcos Rodriguez,187
Seyoum Tarekegn,188
Arie Van Gemert,189
Kurt Roethlisberger,190
Pablo Sanchez Ibanez,191
Charlie Faultless,192
Facundo Tello,193
Ferdinand Marschall,194
Victor Gomes,195
Romualdo Arppi Filho,196
Zoran Petrovic,197
Karol Galba,198
Walter Eschweiler,199
Angel Martinez,200
Rinaldo Barlassina,201
Ulises Saucedo,202
Sergey Karasev,203
Nawaf Shukralla,204
Jose Luis Martinez Bazan,205
Edison A. Perez Nunez,206
George Reader,207
Jose Macias,208
Alan Snoddy,209
Antonio Marquez Ramirez,210
Pat Partridge,211
Tony Boskovic,212
Belaid Lacarne,213
John Gordon,214
Pierluigi Pairetto,215
Joao Etzel Filho,216
Giuseppe Scarpi,217
Johannes Van Moorsel,218
Szymon Marciniak,219
Hernan Silva Arce,220
Ulf Eriksson,221
Manuel Asensi,222
Clément Turpin,223
Paolo Casarin,224
George Suppiah,225
Enrique Cáceres,226
Ramon Azon Roma,227
Renato Marsiglia,228
George Mccabe,229
Siegfried Kirschen,230
George Smith,231
Enrique Labo Revoredo,232
Francisco Oscar Lamolina,233
Esteban Marino,234
Berny Ulloa Morera,235
Fallaj Khuzam Al Shanar,236
Michael Oliver,237
Mario Escobar,238
Manuel Diaz Vega,239
Carlos Alberto Silva Valente,240
Matt Conger,241
Joel Aguilar,242
Tullio Lanese,243
Erik Fredriksson,244
Maurice Guigue,245
Victoriano Sanchez Arminio,246
Clive White,247
Jamal Al Sharif,248
Miroslav Stupar,249
Diego De Leo,250
Albert Dusch,251
Jesús Valenzuela,252
Alireza Faghani,253
Mario Van Der Ende,254
Concetto Lo Bello,255
Wilmar Roldán,256
Arnaldo Coelho,257
Luis Barrancos,258
Stéphanie Frappart,259
Neji Jouini,260
Lucien Van Nuffel,261
Mario Rubio Vazquez,262
Branko Tesanic,263
Gehad Grisha,264
Ebrahim Al Doy,265
Chris Beath,266
Jonas Eriksson,267
Roger Machin,268
Abel Aguilar Elizalde,269
Sergio Bustamante,270
Cüneyt Çakιr,271
Andrés Cunha,272
Mark Geiger,273
Shizuo Takada,274
Benjamin Dwomoh,275
Bakary Papa Gassama,276
Djamel Haïmoudi,277
Paul Wyssling,278
Rene Mercet,279
Robert Mitchell,280
Jose Ramiz Wright,281
Horst Brummeier,282
Alfred Birlem,283
Juan Cardellino De San Vicente,284
Hector Ortiz,285
Slavko Vinčič,286
George Courtney,287
Jean Langenus,288
Bruno Galler,289
Yuichi Nishimura,290
Rodrigo Badilla,291
Farouk Bouzo,292
Vasa Stefanovic,293
Ruedi Scheurer,294
Omar Delgado,295
Arthur Ellis,296
Albino Carraro,297
Fabio Baldas,298
Menachem Ashkenazi,299
Adolf Prokop,300
Björn Kuipers,301
Antonio Saldanha Ribeiro,302
Alojzy Jarguz,303
Abdulrahman Ibrahim Al Jassim,304
Ken Aston,305
Alexey Spirin,306
Juan Silvagno Cavanna,307
Leo Lemesic,308
Jean Dubach,309
Kenneth Dagnall,310
Raphael Claus,311
Yusef Mohamed El Ghoul,312
Wilton Sampaio,313
Antonio Matéu Lahoz,314
Nikolaj Latychev,315
Carl Steiner,316
Ferdinand Biwersi,317
Ricardo Vallarino,318
Howard Webb,319
Alexis Ponnet,320
Antonio Sbardella,321
Hugh Phillips,322
,323
