player,id
Abdeljalil Hadda,1
Abdelkrim Merry,2
Abdelmoumene Djabou,3
Abderrazak Khairi,4
Abdulrahman Fawzi,6
Abel Balbo,7
Achraf Dari,8
Adalbert Deșu,9
Adelardo Rodríguez,10
Ademir,11
Admir Mehmedi,12
Adnan Januzaj,13
Adolf Scherer,14
Adolfo Valencia,15
Adolfo Zumelzú,16
Adrian Ilie,17
Adrian Knup,18
Adriano,19
Adrien Rabiot,20
Agne Simonsson,21
Agustín Delgado,22
Ahmed Musa,23
Ahmed Radhi,24
Ahn Jung-hwan,25
Alain Couriol,26
Alain Giresse,27
Alain Sutter,28
Alan Mullery,29
Alan Shearer,30
Albert Brülls,31
Alberto Galateo,32
Alberto Gallardo,33
Alberto García Aspe,34
Alberto Gilardino,35
Alberto Górriz,36
Alberto Tarantini,37
Alcides Ghiggia,38
Aldo Donelli,39
Aldo Serena,40
Alejandro Scopelli,41
Aleksandar Kolarov,42
Aleksandar Mitrović,43
Aleksandar Petaković,44
Aleksandar Tirnanić,45
Aleksandr Golovin,46
Aleksandr Ivanov,47
Aleksandr Kerzhakov,48
Aleksandr Kokorin,49
Aleksandre Chivadze,50
Aleksei Mamykin,51
Alessandro Altobelli,52
Alessandro Del Piero,53
Alex Song,54
Alexander Frei,55
Alexandre Czerniatynski,56
Alexandru Neagu,57
Alexis Mac Allister,58
Alexis Sánchez,59
Alfred Bickel,60
Alfred Körner,61
Alfred Pfaff,62
Alfred Phiri,63
Alfredo II,64
AlfredodelÁguila,65
AlfreðFinnbogason,66
Ali Kaabi,67
Ali Thani Jumaa,68
Allan Clarke,69
Allan Nielsen,70
Alphonso Davies,71
Amancio Amaro,72
Amarildo Tavaresda Silveira,73
Amleto Frignani,74
Américo Gallego,75
Anatoli Ilyin,76
Anatoliy Banishevskiy,77
Anatoliy Byshovets,78
Anders Svensson,79
Andoni Goikoetxea,80
Andrea Pirlo,81
Andreas Brehme,82
Andreas Christensen,83
Andreas Granqvist,84
Andreas Herzog,85
Andreas Möller,86
Andreas Ogris,87
Andreas Samaris,88
Andrei Zygmantovich,89
Andrej Kramarić,90
Andriy Bal,91
Andriy Rusol,92
Andriy Shevchenko,93
Andrzej Buncol,94
Andrzej Szarmach,95
András Tóth,96
András Törőcsik,97
AndréAbegglen,98
AndréAyew,99
AndréCarrillo,100
AndréKana-Biyik,101
AndréMaschinot,102
AndréSchürrle,103
Andrés Guardado,104
Andrés Iniesta,105
Andrés Prieto,106
Angelo Domenghini,107
Angelo Schiavio,108
Ante Rebić,109
Antoine Griezmann,110
Antolín Alcaraz,111
Anton Schall,112
Antonio Alzamendi,113
Antonio Cabrini,114
Antonio Di Natale,115
Antonio Rada,116
Antonio Rattín,117
Antonio Valencia,118
Antonín Panenka,119
Antonín Puč,120
António Simões,121
Ao Tanaka,122
Archie Gemmill,123
Arie Haan,124
Ariel Ortega,125
Arjen Robben,126
Arne Brustad,127
Arne Friedrich,128
Arne Nyberg,129
Aron Winter,130
Artem Dzyuba,131
Arthur Machado,132
Arturo Vázquez Ayala,133
Aruna Dindane,134
Asamoah Gyan,135
Asparuh Nikodimov,136
Atilio Cremaschi,137
Atilio López,138
Aurélien Tchouaméni,139
Avdija Vršajević,140
Bakari Koné,141
Baltazar,142
Bamba Dieng,143
Bart Mc Ghee,144
Bartosz Bosacki,145
Bastian Schweinsteiger,146
Bebeto,147
Benito Lorenzi,148
Benjamin Massing,149
Benjamin Pavard,150
Benni Mc Carthy,151
Bernard Genghini,152
Bernard Lacombe,153
Bernard Voorhoof,154
Bernardo Redín,155
Bernd Hölzenbein,156
Bernd Schneider,157
Bernhard Cullmann,158
Bernhard Klodt,159
Bert Patenaude,160
Beto,161
Billy Hamilton,162
Bixente Lizarazu,163
Blagoje Marjanović,164
Blaise Matuidi,165
Blerim Džemaili,166
Bobby Charlton,167
Bobby Collins,168
Bonaventure Kalou,169
Bongani Khumalo,170
BorisŽivković,171
Boudewijn Zenden,172
Boulaye Dia,173
Branco,174
Branko Oblak,175
Branko Zebec,176
Breel Embolo,177
Brett Holman,178
Brian Laudrup,179
Brian Mc Bride,180
Bror Mellberg,181
Bruce Murray,182
Bruno Conti,183
Bruno Fernandes,184
Bruno Mora,185
Bruno Petković,186
Bruno Pezzey,187
Bryan Robson,188
Bryan Roy,189
Bryan Ruiz,190
Bukayo Saka,191
Burhan Sargun,192
Bülent Korkmaz,193
Cacau,194
Careca,195
Carles Puyol,196
Carlo Costly,197
Carlo Galli,198
Carlos Alberto Torres,199
Carlos Babington,200
Carlos Blanco,201
Carlos Borges,202
Carlos Caszely,203
Carlos Manuel,204
Carlos Peucelle,205
Carlos Soler,206
Carlos Sánchez,207
Carlos Tenorio,208
Carlos Tevez,209
Carlos Valderrama,210
Carlos Vela,211
Carlos Vidal,212
Carsten Jancker,213
Casemiro,214
Cayetano Ré,215
Celso Ayala,216
Charles Antenen,217
Charles Aránguiz,218
Cho Guesung,219
Choi Soon-ho,220
Christian Eriksen,221
Christian Lopez,222
Christian Pulisic,223
Christian Vieri,224
Christian Wörns,225
Christophe Dugarry,226
Claudio Caniggia,227
Claudio López,228
Claudio Marchisio,229
Claudio Suárez,230
Clint Dempsey,231
Clint Mathis,232
Clodoaldo,233
Cody Gakpo,234
Colin Clarke,235
Conny Torstensson,236
Constantin Stanciu,237
Craig Burley,238
Craig Goodwin,239
Craig Moore,240
Cristian Riveros,241
Cristiano Ronaldo,242
Cuauhtémoc Blanco,243
César Cueto,244
César López Fretes,245
César Sampaio,246
Daizen Maeda,247
Daley Blind,248
Damien Duff,249
Dan Eggen,250
Dan Petrescu,251
Dani Olmo,252
Daniel Amokachi,253
Daniel Bertoni,254
Daniel Borimirov,255
Daniel Fonseca,256
Daniel Passarella,257
Daniel Ruiz,258
Daniel Sturridge,259
Daniel Veyt,260
Daniele De Rossi,261
Daniele Massaro,262
Darijo Srna,263
Darko Pančev,264
Darren Anderton,265
Darío Rodríguez,266
David Beckham,267
David Embé,268
David Luiz,269
David Narey,270
David Platt,271
David Trezeguet,272
David Villa,273
Davor Jozić,274
DavorŠuker,275
Davy Klaassen,276
Deco,277
Dele Alli,278
Denis Cheryshev,279
Dennis Bergkamp,280
Dennis Rommedahl,281
Dennis Wilshaw,282
Denzel Dumfries,283
Derek Kevan,284
Diamantino Miranda,285
Dick Nanninga,286
Didi,287
Didier Drogba,288
Didier Six,289
Diego Costa,290
Diego Forlán,291
Diego Godín,292
Diego Maradona,293
Dieter Müller,294
Dimitris Salpingidis,295
Dinko Dermendzhiev,296
Dino Baggio,297
Dirceu,298
Dirk Kuyt,299
Divock Origi,300
Djalma Santos,301
Djamel Zidane,302
Dmitri Radchenko,303
Dmitri Sychev,304
Dobromir Zhechev,305
Domagoj Vida,306
Dominique Rocheteau,307
Dragan Džajić,308
Dragan Stojković,309
Dražan Jerković,310
Dries Mertens,311
Dušan Bajević,312
Dušan Vlahović,313
Dylan Bronn,314
Earnie Stewart,315
Ebbe Sand,316
Eden Hazard,317
Edgar Davids,318
Edin Džeko,319
Edinho,320
Edinson Cavani,321
Edmund Conen,322
Edmílson,323
Eduard Malofeyev,324
Eduardo Laing,325
Eduardo Vargas,326
Egisto Pandolfini,327
Eladio Rojas,328
Elano,329
Eloy Olaya,330
Emerich Dembrovschi,331
Emil Forsberg,332
Emil Kostadinov,333
Emile Heskey,334
Emilio Butragueño,335
Emmanuel Amunike,336
Emmanuel Kundé,337
Emmanuel Olisadebe,338
Emmanuel Petit,339
Emmanuel Sanon,340
Emre Belözoğlu,341
Enner Valencia,342
Enrique Borja,343
Enrique Guaita,344
Enrique Saura,345
Enrique Vera,346
Enzo Fernández,347
Enzo Francescoli,348
Enzo Scifo,349
Eric Maxim Choupo-Moting,350
Eric Wynalda,351
Erich Juskowiak,352
Erich Obermayer,353
Erich Probst,354
Ermes Muccinelli,355
Ermindo Onega,356
Ernesto Belis,357
Ernesto Vidal,358
Ernie Brandts,359
Ernst Lehner,360
Ernst Ocwirk,361
Ernst Stojaspal,362
Ernst Wilimowski,363
ErnőSolymosi,364
Erol Keskin,365
Erwin Sánchez,366
Erwin Vandenbergh,367
Estanislau Basora,368
Esteban Cambiasso,369
Eugen Walaschek,370
Eugène Ekéké,371
Eusébio,372
Fabio Capello,373
Fabio Grosso,374
Fabio Quagliarella,375
Fahad Al-Ghesheyan,376
Fakhreddine Ben Youssef,378
Famara Diedhiou,379
Felipe Baloy,380
Ferenc Bene,381
Ferenc Puskás,382
Ferenc Sipos,383
Ferjani Sassi,384
Fernandinho,385
Fernando Hierro,386
Fernando Morientes,387
Fernando Quirarte,388
Fernando Riera,389
Fernando Torres,390
Ferrán Torres,391
Filippo Inzaghi,392
Finidi George,393
Florea Dumitrache,394
Florencio Amarilla,395
Florent Malouda,396
Florin Răducioiu,397
Flávio Amado,398
Flórián Albert,399
Francesco Graziani,400
Francesco Totti,401
Francisco Aramburu,402
Francisco Arce,403
Francisco Fonseca,404
Francisco Varallo,405
Francisco Zuluaga,406
Franck Ribéry,407
Franco Causio,408
Frank Arnesen,409
Frank Rijkaard,410
Frank Wallace,411
Franky Vercauteren,412
František Svoboda,413
Franz Beckenbauer,414
François Omam-Biyik,415
Fred,416
Freddie Ljungberg,417
Freddy Rincón,418
Frenkiede Jong,419
Friaça,420
Friedrich Scherfke,421
Fritz Walter,422
Fuad Anwar,423
Fulvio Nesti,424
Gabi Balint,425
Gabriel Batistuta,426
Gabriel Heinze,427
Gabriel Mercado,428
Gaizka Mendieta,429
Gareth Bale,430
Garrincha,431
Gary Breen,432
Gary Lineker,433
Gaston Taument,434
Gavi,435
Gelson Fernandes,436
Genki Haraguchi,437
Geoff Hurst,438
George Robledo,439
Georges Bregy,440
Georges Grün,441
Georges Verriest,442
Georgi Asparuhov,443
Georgi Sokolov,444
Georginio Wijnaldum,445
Georgios Samaras,446
Gerardo Torrado,447
Gerd Müller,448
Gerhard Rodax,449
Germán Aceros,450
Gerry Armstrong,451
Gerry Hitchens,452
Gert Verheyen,453
Gervinho,454
Gheorghe Hagi,455
Giacomo Bulgarelli,456
Giampiero Boniperti,457
Gianfranco Zola,458
Gianluca Pagliuca,459
Gianluca Zambrotta,460
Gianni Rivera,461
Gilberto,462
Gilberto Yearwood,463
Gino Colaussi,464
Gino Pariani,465
Giorgian De Arrascaeta,466
Giorgio Ferrini,467
Giovanidos Santos,468
Giovanni Ferrari,469
Giovannivan Bronckhorst,470
Giuseppe Giannini,471
Giuseppe Meazza,472
Glenn Strömberg,473
Gonzalo Higuaín,474
Gonçalo Ramos,475
Goran Vlaović,476
Gordon Strachan,477
Graeme Souness,478
Granit Xhaka,479
Grzegorz Krychowiak,480
Grzegorz Lato,481
Grégoire M'Bida,482
Guillermo La Rosa,483
Guillermo Stábile,484
Guillermo Subiabre,485
Gunnar Gren,486
Gustav Wetterström,487
Gustavo Dezotti,488
Gustavo Moscoso,489
Gustavo Peña,490
Gylfi Sigurðsson,491
Gyula Zsengellér,492
György Sárosi,493
Gábor Pölöskei,494
Gérard Hausser,495
Gérard Soler,496
Gérson,497
Géza Toldi,498
Gösta Dunker,499
Ha Seok-ju,500
Haji Wright,501
HakanŞükür,502
Hakim Ziyech,503
Hamid Estili,504
Haminu Draman,505
Hans Cieslarczyk,506
Hans Krankl,507
Hans Pesser,508
Hans Schäfer,509
Hansi Müller,510
Haris Seferović,511
Harry Andersson,512
Harry Kane,513
Harry Kewell,514
Harry Maguire,515
HasanŞaş,516
Hassan Nader,517
Hassan Rowshan,518
Hasse Jeppson,519
Heinz Flohe,520
Heinz Schneiter,521
Helmut Haller,522
Helmut Rahn,523
Henri Camara,524
Henri Coppens,525
Henri Isemborghs,526
Henrik Larsson,527
Henry Martín,528
Hernán Crespo,529
Hernán Gaviria,530
Hernán Medford,531
Hidetoshi Nakata,532
Hiroaki Morishima,533
Hirving Lozano,534
Hong Myung-bo,535
Honorino Landa,536
Horacio Casarín,537
Horacio Troche,538
Horst Hrubesch,539
Horst Szymaniak,540
Houmane Jarir,541
Hristo Bonev,542
Hristo Stoichkov,543
Hugo Almeida,544
Hugo Sánchez,545
Huh Jung-moo,546
Humberto Tozzi,547
Hwang Hee-chan,548
Hwang Sun-hong,549
Hwangbo Kwan,550
Håkan Mild,551
Håvard Flo,552
Héctor Castro,553
Héctor Chumpitaz,554
Héctor De Bourgoing,555
Héctor Facundo,556
Héctor Hernández,557
Héctor Ortiz,558
Héctor Scarone,559
Héctor Silva,560
Héctor Socorro,561
Héctor Yazalde,562
Héctor Zelaya,563
Iago Aspas,564
Igor Belanov,565
Igor Chislenko,566
Igor Dobrovolski,567
Ildo Maneiro,568
Ilie Dumitrescu,569
Ilija Petković,570
Imre Markos,571
Ion Andoni Goikoetxea,572
Ion Vlădoiu,573
Iraj Danaeifard,574
Isco,575
Isidoro Díaz,576
Isidro Lángara,577
Islam Slimani,578
Ismaila Sarr,579
Iuliu Barátky,580
Ivan Bek,581
Ivan Gudelj,582
Ivan Hašek,583
Ivan Perišić,584
Ivan Rakitić,585
Ivan Yaremchuk,586
Ivica Olić,587
Ivica Vastić,588
IvicaŠurjak,589
Ivor Allchurch,590
Ivor Broadis,591
Iván Kaviedes,592
Jack Grealish,593
Jackie Mudie,594
Jackson Martínez,595
Jacques Fatton,596
Jaime Belmonte,597
Jaime Ramírez,598
Jairda Rosa Pinto,599
Jairzinho,600
James Rodríguez,601
Jan Bednarek,602
Jan Ceulemans,603
Jan Koller,604
Jan Vertonghen,605
Janusz Kupcewicz,606
JanŘíha,607
Jared Borgetti,608
Javier Aguirre,609
Javier Ambrois,610
Javier Fragoso,611
Javier Hernández,612
Javier Saviola,613
Javier Valdivia,614
Javier Zanetti,615
Jawhar Mnari,616
Jean Beausejour,617
Jean Nicolas,618
Jean Tigana,619
Jean Vincent,620
Jean-Charles Castelletto,621
Jean-Marc Ferreri,622
Jean-Pierre Papin,623
Jeff Agoos(OG),624
JenőVincze,625
Jermain Defoe,626
Jermaine Jones,627
Jerzy Gorgoń,628
Jesper Olsen,629
Jesse Lingard,630
Jesús María Zamora,631
Ji Yun-nam,632
Jim Brown,633
Jimmy Greaves,634
Jimmy Mullen,635
Jimmy Murray,636
JiříFeureisl,637
JiříSobotka,638
Joachim Streich,639
Joaquín Peiró,640
Joe Cole,641
Joe Gaetjens,642
Joe Jordan,643
Joe Maca,644
Joel Campbell,645
Johan Cruyff,646
Johan Neeskens,647
Johan Walem,648
Johann Horvath,649
John Aldridge,650
John Aloisi,651
John Brooks,652
John Charles,653
John Collins,654
John Eriksen,655
John Harold Lozano,656
John O'Brien,657
John Robertson,658
John Stones,659
John Wark,660
Johnny Ekström,661
Johnny Haynes,662
Johnny Rep,663
Jon Dahl Tomasson,664
Jonas Thern,665
Jordan Henderson,666
Jorge Burruchaga,667
Jorge Lino Romero,668
Jorge Luis Campos,669
Jorge Toro,670
Jorge Valdano,671
Jorge Valdivia,672
Josef Bican,673
Josef Gauchel,674
Josef Hügi,675
Josef Kadraba,676
Josef Košťálek,677
Josef Masopust,678
Josef Zeman,679
Josep Maria Fusté,680
Josimar,681
Josip Drmić,682
Josip Katalinski,683
Josip Skoblar,684
JoséAltafini,685
JoséAugusto Torres,686
JoséAugustode Almeida,687
JoséBatista,688
JoséCardozo,689
JoséIraragorri,690
JoséLuis Brown,691
JoséLuis Caminero,692
JoséLuis González Dávila,693
JoséLuis Lamadrid,694
JoséLuis Sierra,695
JoséLázaro Robles,696
JoséMagriñá,697
JoséMaría Giménez,698
JoséParodi,699
JoséPerácio,700
JoséReinaldode Lima,701
JoséSanfilippo,702
JoséSasía,703
JoséVelásquez,704
JozefŠtibrányi,705
João Félix,706
João Pinto,707
Joël Matip,708
Joško Gvardiol,709
Juan,710
Juan Alberto Schiaffino,711
Juan Antonio Señor,712
Juan Bautista Agüero,713
Juan Carlos Letelier,714
Juan Carlos Valerón,715
Juan Carreño,716
Juan Cayasso,717
Juan Cuadrado,718
Juan Hohberg,719
Juan Ignacio Basaguren,720
Juan Manuel Asensi,721
Juan Mata,722
Juan Mujica,723
Juan Quintero,724
Juanito,725
Jude Bellingham,726
Julian Green,727
Julio Abbadie,728
Julio César Cortés,729
Julio César Romero,730
Julio Montero Castillo,731
Julio Pérez,732
Julio Salinas,733
Julius Aghahowa,734
JuliánÁlvarez,735
Junichi Inamoto,736
Juninho Pernambucano,737
Just Fontaine,738
János Farkas,739
József Bencsics,740
József Bozsik,741
József Tóth,742
József Varga,743
Júlio Botelho,744
Júnior,745
Jürgen Grabowski,746
Jürgen Klinsmann,747
Jürgen Sparwasser,748
Kai Havertz,749
Kakhi Asatiani,750
Kaká,751
Kalidou Koulibaly,752
Kalu Uche,753
Kamil Kopúnek,754
Karim Ansarifard,755
Karim Benzema,756
Karl Hohmann,757
Karl Koller,758
Karl Sesta,759
Karl Zischek,760
Karl-Erik Palmér,761
Karl-Heinz Riedle,762
Karl-Heinz Rummenigge,763
Karl-Heinz Schnellinger,764
Katlego Mphela,765
Kazimierz Deyna,766
Keiji Tamada,767
Keisuke Honda,768
Kendall Waston,769
Kennet Andersson,770
Kenny Dalglish,771
Kevin De Bruyne,772
Kevin Sheedy,773
Kevin-Prince Boateng,774
Keysher Fuller,775
Khalid Boutaïb,776
Khalid Ismaïl,777
Khalilou Fadiga,778
Khoren Oganesian,779
Kick Smit,780
Kieran Trippier,781
Kiko,782
Kim Jong-boo,783
Kim Young-gwon,784
Kjetil Rekdal,785
Klaas-Jan Huntelaar,786
Klaus Allofs,787
Klaus Fischer,788
Knut Kroon,789
Koo Ja-cheol,790
Kosta Tomašević,791
Kudus Mohammed,792
Kurt Hamrin,793
Kylian Mbappé,794
Kálmán Mészöly,795
Károly Csapó,796
Károly Sándor,797
Ladislav Petráš,798
Ladislav Vízek,799
Lajos Détári,800
Lajos Tichy,801
Lakhdar Belloumi,802
Landon Donovan,803
Lauren,804
Laurent Blanc,805
Lee Chun-soo,806
Lee Chung-yong,807
Lee Eul-yong,808
Lee Jung-soo,809
Lee Keun-ho,810
Leen Vente,811
Lefter Küçükandonyadis,812
Lei Clijsters,813
Lennart Skoglund,814
Leonardo Araújo,815
Leonel Sánchez,816
Leopold Kielholz,817
Leopoldo Luque,818
Leovegildo Linsda Gama Júnior,819
Leroy Fer,820
Leônidas,821
Li Dong-woon,822
Lilian Thuram,823
Lionel Messi,824
Liédson,825
Lothar Emmerich,826
Lothar Matthäus,827
Lovro Majer,828
LubošKubík,829
Luc Nilis,830
Luca Toni,831
Lucas Paquetá,832
Lucas Radebe,833
Lucien Laurent,834
Ludo Coeck,835
Ludovico Avio,836
Ludwig Augustinsson,837
Luigi Di Biagio,838
Luigi Riva,839
Luis Artime,840
Luis Chávez,841
Luis Cubilla,842
Luis Enrique,843
Luis Fernández,844
Luis Flores,845
Luis García Postigo,846
Luis Hernández,847
Luis Monti,848
Luis Regueiro,850
Luis Suárez,851
Luis Vargas Peña,852
Luisde Souza Ferreira,853
Luka Modrić,854
Lukas Podolski,855
Luís Fabiano,856
Luís Pereira,857
LászlóFazekas,858
LászlóKiss,859
Lázár Szentes,860
Léider Preciado,861
Léopold Anoul,862
M'Baye Niang,863
Magdi Abdelghani,864
Maicon Sisenando,865
Maksym Kalynychenko,866
Mal Donaghy,867
Maneca,868
Maniche,869
Manuel Akanji,870
Manuel Amoros,871
Manuel Negrete Arias,872
Manuel Rosas,873
Manuel Sanchís,874
Maouhoub Ghazouani,875
Marc Berdoll,876
Marc Degryse,877
Marc Overmars,878
Marc Rieper,879
Marc Wilmots,880
Marcel Langiller,881
Marcelino Bernal,882
Marcell Jansen,883
Marcelo Salas,884
MarcinŻewłakow,885
Marco Asensio,886
Marco Bode,887
Marco Etcheverry,888
Marco Materazzi,889
Marco Reus,890
Marco Tardelli,891
Marco Ureña,892
Marcos Coll,893
Marcos Rojo,894
Marcus Allbäck,895
Marcus Rashford,896
Marino Klinger,897
Mario Balotelli,898
Mario David,899
Mario Evaristo,900
Mario Götze,901
Mario Kempes,902
Mario Mandžukić,903
Mario Stanić,904
Marius Lăcătuș,905
Marius Trésor,906
Mark González,907
Mark Wright,908
Marko Livaja,909
Marko Pantelić,910
Marouane Fellaini,911
Martin Dahlin,912
Martin Hoffmann,913
Martin Jørgensen,914
Martin Peters,915
Martín Demichelis,916
Martín Palermo,917
Maryan Wisnieski,918
Masashi Nakayama,919
Mateja Kežman,920
Mathew Leckie,921
Mathias Jørgensen,922
Mathieu Valbuena,923
Mats Hummels,924
Matt Holland,925
Matthew Upson,926
Matthias Sindelar,927
Mauricio Pineda,928
Mauricio Wright,929
Max Morlock,930
Maxi Pereira,931
Maxi Rodríguez,932
Maxime Bossis,933
Mehdi Mahdavikia,934
Mehdi Taremi,935
Memphis,936
MesutÖzil,937
Michael Ballack,938
Michael Bradley,939
Michael Lang,940
Michael Laudrup,941
Michael Owen,942
Michal Bílek,943
Michel De Wolf,944
Michel Platini,945
Michy Batshuayi,946
Miguel Bossio,947
MiguelÁngel Benítez,948
MiguelÁngel Brindisi,949
MiguelÁngel Nadal,950
MiguelÁngel Neira,951
Mihály Lantos,952
Mike Sweeney,953
Miklos Molnar,954
Milan Badelj,955
Milan Dvořák,956
Milan Galić,957
Milan Jovanović,958
Milan Luhový,959
Milan Rapaić,960
Mile Jedinak,961
Milenko Ačimovič,962
MilošMilutinović,963
Miralem Pjanić,964
Miroslav Klose,965
Mislav Oršić,966
Mitchell Duke,967
Mo Johnston,968
Moderato Wisintainer,969
Mohamed Kader,970
Mohamed Salah,971
Mohammed Al Khilaiwi,972
Mohammed Chaouch,973
Mohammed Muntari,974
Mohammed Salisu,975
Moisés Caicedo,976
Mokhtar Dhouieb,977
Morten Wieghorst,979
Moussa Sissoko,980
Moussa Wagué,981
Mustafa Ertan,982
Mustapha Hadji,983
Mutiu Adepoju,984
Márcio Santos,985
Mário Fernandes,986
Mário Zagallo,987
Márton Esterházy,988
Míchel,989
Müller,990
Nacer Chadli,991
Nacho,992
Nahuel Molina,993
Nani,994
Nasko Sirakov,995
NastjaČeh,996
Nat Lofthouse,997
Ndaye Mulamba,998
Nelinho,999
Nelson Cuevas,1000
Neymar,1001
Niall Quinn,1002
Nicklas Bendtner,1003
Niclas Alexandersson,1004
Niclas Füllkrug,1005
Nico Claesen,1006
Nicolae Kovács,1007
Nicolás Lodeiro,1008
Nikita Simonyan,1009
Niko Kovač,1010
NikolaŽigić,1011
Nils Liedholm,1012
Norberto Menéndez,1013
Norman Whiteside,1014
Nuno Gomes,1015
Nándor Hidegkuti,1016
Néjib Ghommidh,1017
Nílton Santos,1018
Obdulio Varela,1019
Ola Toivonen,1020
Oldřich Nejedlý,1021
Oleg Salenko,1022
Oleh Blokhin,1023
Oleh Protasov,1024
Oleksandr Zavarov,1025
Oliver Bierhoff,1026
Oliver Neuville,1027
Olivier Giroud,1028
Omar Bravo,1029
Oreste Corbatta,1030
Oribe Peralta,1031
Oscar,1032
Oscar Heisserer,1033
Oscar Ruggeri,1034
Osman Bukari,1035
Osvaldo Ardiles,1036
Ottmar Walter,1037
Otto Siffling,1038
Ove Grahn,1039
Pablo Armero,1040
Pablo Bengoechea,1041
Pablo Dorado,1042
Pablo Mastroeni,1043
Paik Seung-ho,1044
Pak Doo-ik,1045
Pak Seung-zin,1046
Paolo Barison,1047
Paolo Guerrero,1048
Paolo Rossi,1049
Papa Bouba Diop,1050
Pape Malick Diop,1051
Park Chang-sun,1052
Park Chu-young,1053
Park Ji-sung,1054
Patrick Kluivert,1055
Patrick M'Boma,1056
Patrick Vervoort,1057
Patrick Vieira,1058
Paul Breitner,1059
Paul Caligiuri,1060
Paul Mariner,1061
Paul Pogba,1062
Paul Scholes,1063
Pauleta,1064
Paulinho,1065
Paulo Bento,1066
Paulo Roberto Falcão,1067
Paulo Wanchope,1068
Pavlo Yakovenko,1069
PawełKryszałowicz,1070
Pedro Cea,1071
Pedro Monzón,1072
Pedro Pasculli,1073
Pedro Rocha,1074
Pedro Troglio,1075
Pelé,1076
Pep Guardiola,1077
Pepe,1078
Peregrino Anselmo,1079
Petar Radaković,1080
Peter Artner,1081
Peter Beardsley,1082
Peter Crouch,1083
Peter Lorimer,1084
Peter Mc Parland,1085
Peter Møller,1086
Peter Odemwingie,1087
Peter Vander Heyden,1088
Phil Foden,1089
Philipp Lahm,1090
Philippe Albert,1091
Philippe Coutinho,1092
Philippe Senderos,1093
Phillip Cocu,1094
Pierre Littbarski,1095
Pierre Njanka,1096
Pierrevan Hooijdonk,1097
Pietro Anastasi,1098
Pietro Ferraris,1099
Piotr Zieliński,1100
Pirri,1101
Plamen Getov,1102
Plácido Galindo,1103
Preben Elkjær,1104
Predrag Mijatović,1105
Preguinho,1106
Pál Teleki,1107
Pál Titkos,1108
Pável Pardo,1109
Péter Palotás,1110
Quinton Fortune,1111
Rabah Madjer,1112
Radamel Falcao,1113
Radhi Jaïdi,1114
Radivoje Ognjanović,1115
Rafael Albrecht,1116
Rafael Leão,1117
Rafael Márquez,1118
Rafik Halliche,1119
Raheem Sterling,1120
Raimundo Orsi,1121
Rainer Bonhof,1122
Rajko Mitić,1123
Ralf Edström,1124
Ramaz Shengelia,1125
Ramin Rezaeian,1126
Ramón Calderé,1127
Ramón Díaz,1128
Ramón Heredia,1129
Ramón Ramírez,1130
Randal Kolo Muani,1131
Raouf Bouzaiene,1132
Raoul Lambert,1133
Raphaël Guerreiro,1134
Raphaël Varane,1135
Rashidi Yekini,1136
Raul Meireles,1137
Ray Houghton,1138
Ray Richards,1139
Ray Wilkins,1140
Raymond Kalla,1141
Raymond Kopa,1142
Raí,1143
Raúl,1144
Raúl Servín,1145
RefikŠabanadžović,1146
Reinhard Libuda,1147
Reinhold Hintermaier,1148
Remo Freuler,1149
Renato Augusto,1150
Renato Zaccarelli,1151
René-Pierre Quentin,1152
RenéBader,1153
RenéGirard,1154
RenéHouseman,1155
Renévande Kerkhof,1156
Reza Ghoochannejad,1157
Ricardo Costa,1158
Ricardo Gomes,1159
Ricardo Horta,1160
Ricardo Pavoni,1161
Ricardo Peláez,1162
Ricardo Quaresma,1163
Riccardo Carapellese,1164
Richard Herrmann,1165
Richard Morales,1166
Richarlison,1167
Rigobert Song,1168
Rildoda Costa Menezes,1169
Rio Ferdinand,1170
Ritsu Doan,1171
Rivaldo,1172
Rivellino,1173
Rob Rensenbrink,1174
Robbie Earle,1175
Robbie Keane,1176
Robert Ballaman,1177
Robert Jarni,1178
Robert Koren,1179
Robert Lewandowski,1180
Robert Prosinečki,1181
Roberto,1182
Roberto Acuña,1183
Roberto Ayala,1184
Roberto Baggio,1185
Roberto Bettega,1186
Roberto Boninsegna,1187
Roberto Cabañas,1188
Roberto Carlos,1189
Roberto Challe,1190
Roberto Dinamite,1191
Roberto Firmino,1192
Roberto Gayón,1193
Roberto López Ufarte,1194
Robinho,1195
Robinvan Persie,1196
Rodrigo Millar,1197
Roger Hunt,1198
Roger Ljung,1199
Roger Milla,1200
Roger Piantoni,1201
Roland Sandberg,1202
Rolf Wüthrich,1203
Romain Saïss,1204
Romaric,1205
Romelu Lukaku,1206
Romeo Benetti,1207
Romeu Pellicciari,1208
Romário,1209
Ron Flowers,1210
Ronald Koeman,1211
Ronaldde Boer,1212
Ronaldinho,1213
Ronaldo,1214
Roozbeh Cheshmi,1215
Roque Santa Cruz,1216
Rubén Ayala,1217
Rubén Marcos,1218
Rubén Toribio Díaz,1219
Rudi Völler,1220
Rudolf Noack,1221
Rui Costa,1222
Ruud Gullit,1223
Ruud Krol,1224
Ruudvan Nistelrooy,1225
Róbert Vittek,1226
Róger Flores,1227
Rónald González Brenes,1228
Rónald Gómez,1229
Rüdiger Abramczik,1230
Sadio Mané,1231
Saeed Al-Owairan,1232
Safet Sušić,1233
Salah Assad,1234
Salaheddine Bassir,1235
Saleh Al-Shehri,1236
Salem Al-Dawsari,1237
Salif Diao,1238
Salman Al-Faraj,1239
Salomon Kalou,1240
Salvatore Schillaci,1241
Sami Al-Jaber,1242
Sami Khedira,1243
Sammy Baird,1244
Samson Siasia,1245
Samuel Eto'o,1246
Samuel Umtiti,1247
Sandro Mazzola,1248
Santos Iriarte,1249
Saša Ilić,1250
Sebastjan Cimirotič,1251
Seo Jung-won,1252
Seol Ki-hyeon,1253
Serge Gnabry,1254
Sergei Aleinikov,1255
Sergei Pavlovich Baltacha,1256
Sergej Milinković-Savić,1257
Sergey Rodionov,1258
Serginho Chulapa,1259
Sergio Agüero,1260
Sergio Ahumada,1261
Serhiy Rebrov,1262
Shane Smeltz,1263
Shao Jiayi,1264
Shaun Bartlett,1265
Shinji Kagawa,1266
Shinji Okazaki,1267
Shunsuke Nakamura,1268
Sigfried Held,1269
Silvestre Igoa,1270
Silvestre Varela,1271
Silvio Piola,1272
Silviu Bindea,1273
Simão Sabrosa,1274
Sinha,1275
Siniša Mihajlović,1276
Siphiwe Tshabalala,1277
Siyabonga Nomvethe,1278
Skander Souayah,1279
Slobodan Komljenović,1280
Sofiane Feghouli,1281
Sohrab Bakhtiarizadeh,1282
Sokratis Papastathopoulos,1283
Sol Campbell,1284
Son Heung-min,1285
Song Chong-gug,1286
Stan Mortensen,1287
Stanislaus Kobierski,1288
Stanislav Karasi,1289
Stefan Majewski,1290
Stefande Vrij,1291
Stephen Appiah,1292
Steve Archibald,1293
Steve Sumner,1294
Steve Wooddin,1295
Steven Defour,1296
Steven Gerrard,1297
Steven Zuber,1298
Stig Sundqvist,1299
Stjepan Bobek,1300
Strahinja Pavlović,1301
Stuart Mc Call,1302
Stéphane Chapuisat,1303
Stéphane Demol,1304
Suat Mamat,1305
Sulley Muntari,1306
Sunday Oliseh,1307
Sune Andersson,1308
Sven Jonasson,1309
Sándor Kocsis,1310
Sándor Zombori,1311
Sócrates,1312
Søren Lerby,1313
Takashi Inui,1314
Takayuki Suzuki,1315
Takuma Asano,1316
Tarcisio Burgnich,1317
Teboho Mokoena,1318
Tedj Bensaoula,1319
Telmo Zarra,1320
Terry Medwin,1321
Teófilo Cubillas,1322
Teófilo Gutiérrez,1323
Theo Hernández,1324
Theode Jong,1325
Theodor Wagner,1326
Theodore Whitmore,1327
Thiago Silva,1328
Thierry Henry,1329
Thomas Berthold,1330
Thomas Helveg,1331
Thomas Linke,1332
Thomas Meunier,1333
Thomas Müller,1334
Thomas Sjöberg,1335
Tiago Mendes,1336
Tibor Nyilasi,1337
Tihomir Ognjanov,1338
Tijani Babangida,1339
Tim Cahill,1340
Timothy Weah,1341
Titus Buberník,1342
Todor Kolev,1343
Todor Veselinović,1344
Tom Finney,1345
Tom Florie,1346
Tom Turesson,1347
Tomas Brolin,1348
Tomás Balcázar,1349
Tomás Fernández,1350
TomášRosický,1351
TomášSkuhravý,1352
TomášUjfaluši,1353
Toni Kroos,1354
Toni Polster,1355
Tore AndréFlo,1356
Tore Keller,1357
Torsten Frings,1358
Tostão,1359
Tranquillo Barnetta,1360
Trevor Francis,1361
Txiki Begiristain,1362
Uli Hoeneß,1363
Uwe Bein,1364
Uwe Reinders,1365
Uwe Seeler,1366
Valdomiro Vaz Franco,1367
Valentin Kozmich Ivanov,1368
Valeri Karpin,1369
Valeriy Porkujan,1370
Valter Birsa,1371
Vasilis Torosidis,1372
Vasyl Rats,1373
Vavá,1374
Vedad Ibišević,1375
Victor Ikpeba,1376
Victor Moses,1377
Viktor Ponedelnik,1378
Vilmos Kohut,1379
Vincent Aboubakar,1380
Vincenzo Iaquinta,1381
Vinicius Júnior,1382
Viorel Moldovan,1383
Vitaliy Khmelnytskyi,1384
Vladica Popović,1385
Vladimir Beschastnykh,1386
Vladimir Petrović,1387
Vladislav Bogićević,1388
Vladyslav Vashchuk,1389
Vlastimil Kopecký,1390
Vojislav Melić,1391
Volodymyr Bezsonov,1392
Václav Hovorka,1393
Václav Mašek,1394
Víctor Espárrago,1395
Víctor Rangel,1396
Wahbi Khazri,1397
Walter Schachner,1398
Wayne Hennessey,1399
Wayne Rooney,1400
Wesley Sneijder,1401
Wesley Sonck,1402
Wilbur Cush,1403
Wilf Mannion,1404
Wilfried Bony,1405
Wilfried Van Moer,1406
Wilhelm Hahnemann,1407
Willy Jäggi,1408
Willyvande Kerkhof,1409
Wilson Oruma,1410
Wim Jonk,1411
Wim Kieft,1412
Winston Parks,1413
Winston Reid,1414
Wolfgang Overath,1415
Wolfgang Weber,1416
Wout Weghorst,1417
Włodzimierz Ciołek,1418
Włodzimierz Smolarek,1419
Xabi Alonso,1420
Xherdan Shaqiri,1421
Yacine Brahimi,1422
Yahya Golmohammadi,1423
Yakubu Aiyegbeni,1424
Yang Seung-kook,1425
Yannick Stopyra,1426
Yasser Al-Qahtani,1427
Yasuhito Endō,1428
Yaya Touré,1429
Yegor Titov,1430
Yeltsin Tejeda,1431
Yerry Mina,1432
Yoann Gourcuff,1433
Yoo Sang-chul,1434
Yoon Deok-yeo,1435
Yordan Letchkov,1436
Youri Djorkaeff,1437
Youssef En-Nesyri,1438
Yousuf Al-Thunayan,1439
Yuri Gavrilov,1440
Yuri Gazinskiy,1441
Yussuf Poulsen,1442
Yuya Osako,1443
Yvon Douis,1444
Zakaria Aboukhlal,1445
Zbigniew Boniek,1446
Zdeněk Zikán,1447
Zdravko Rajkov,1448
ZezéProcópio,1449
Ziad Jaziri,1450
Zico,1451
Zinédine Zidane,1452
Zito,1453
Zizinho,1454
Zlatan Ljubijankić,1455
Zoltán Czibor,1456
ZéRoberto,1457
Álvaro Morata,1458
Álvaro Pereira,1459
Álvaro Recoba,1460
Ángel Cabrera,1461
Ángel Di María,1462
Éder Aleixode Assis,1463
Édison Méndez,1464
Émile Veinante,1465
Óscar Duarte,1466
Óscar Míguez,1467
Ümit Davala,1468
Đorđe Vujadinović,1469
İlhan Mansız,1470
İlkay Gündoğan,1471
Ľubomír Moravčík,1472
ŽeljkoČajkovski,1473
Ștefan Dobay,1474
